imu(highres_imu),425643976,-0.155935,0.066217,-9.766723,
gps(global_position_int),425644,473977417,85455938,488014,(VELOCITY),-1,-2,0,
imu(highres_imu),425665496,-0.170208,-0.033998,-9.897526,
gps(global_position_int),425665,473977417,85455938,488014,(VELOCITY),-1,-2,0,
imu(highres_imu),425688010,-0.166726,-0.038271,-9.796178,
gps(global_position_int),425688,473977417,85455938,488014,(VELOCITY),-1,-2,0,
imu(highres_imu),425703064,-0.159992,0.020654,-9.830538,
gps(global_position_int),425707,473977417,85455938,488014,(VELOCITY),-1,-2,0,
imu(highres_imu),425723023,-0.268420,0.012487,-9.786068,
gps(global_position_int),425728,473977417,85455938,488014,(VELOCITY),-1,-2,0,
imu(highres_imu),425747051,-0.185078,0.064923,-9.809264,
gps(global_position_int),425747,473977417,85455938,488013,(VELOCITY),-1,-2,0,
imu(highres_imu),425766980,-0.168004,-0.056388,-9.757832,
gps(global_position_int),425767,473977417,85455938,488013,(VELOCITY),-1,-2,0,
imu(highres_imu),425783005,-0.132528,-0.004785,-9.831446,
gps(global_position_int),425788,473977417,85455938,488013,(VELOCITY),-1,-2,0,
imu(highres_imu),425807042,-0.081202,0.057441,-9.704953,
gps(global_position_int),425807,473977417,85455938,488013,(VELOCITY),-1,-2,0,
imu(highres_imu),425826978,-0.158622,-0.045283,-9.901425,
gps(global_position_int),425827,473977417,85455938,488013,(VELOCITY),-1,-3,0,
imu(highres_imu),425843041,-0.125975,0.077772,-9.751616,
gps(global_position_int),425847,473977417,85455937,488013,(VELOCITY),-1,-3,0,
imu(highres_imu),425863009,-0.210717,0.025361,-9.807778,
gps(global_position_int),425863,473977418,85455937,488013,(VELOCITY),-1,-2,0,
imu(highres_imu),425884032,-0.199126,0.037405,-9.874793,
gps(global_position_int),425887,473977418,85455937,488013,(VELOCITY),-1,-3,0,
imu(highres_imu),425902997,-0.095463,-0.086918,-9.904828,
gps(global_position_int),425907,473977418,85455937,488013,(VELOCITY),-1,-3,0,
imu(highres_imu),425925154,-0.199745,-0.023415,-9.799222,
gps(global_position_int),425925,473977418,85455937,488013,(VELOCITY),-1,-3,0,
imu(highres_imu),425942994,-0.219604,0.063755,-9.789814,
gps(global_position_int),425943,473977418,85455937,488013,(VELOCITY),-1,-2,0,
imu(highres_imu),425962997,-0.195720,-0.002219,-9.812252,
gps(global_position_int),425963,473977418,85455937,488013,(VELOCITY),-1,-3,0,
imu(highres_imu),425987996,-0.273841,0.019541,-9.727551,
gps(global_position_int),425988,473977418,85455937,488013,(VELOCITY),-1,-3,0,
imu(highres_imu),426006978,-0.135250,-0.108935,-9.840883,
gps(global_position_int),426007,473977418,85455937,488013,(VELOCITY),-1,-3,0,
imu(highres_imu),426022969,-0.164902,0.072612,-9.781140,
gps(global_position_int),426027,473977418,85455937,488012,(VELOCITY),-1,-3,0,
imu(highres_imu),426046979,-0.196493,0.060046,-9.796559,
gps(global_position_int),426047,473977418,85455937,488012,(VELOCITY),-1,-3,0,
imu(highres_imu),426066978,-0.247052,-0.077717,-9.846055,
gps(global_position_int),426067,473977418,85455937,488012,(VELOCITY),-1,-3,0,
imu(highres_imu),426087042,-0.186135,0.090390,-9.802020,
gps(global_position_int),426087,473977418,85455937,488012,(VELOCITY),-1,-3,0,
imu(highres_imu),426106978,-0.211378,0.007924,-9.768286,
gps(global_position_int),426107,473977418,85455937,488012,(VELOCITY),-1,-3,0,
imu(highres_imu),426123997,-0.159864,-0.052555,-9.839849,
gps(global_position_int),426127,473977418,85455937,488012,(VELOCITY),-1,-3,0,
imu(highres_imu),426143085,-0.165561,-0.150422,-9.779501,
gps(global_position_int),426147,473977418,85455937,488012,(VELOCITY),-1,-3,0,
imu(highres_imu),426166979,-0.152132,-0.092879,-9.778899,
gps(global_position_int),426167,473977418,85455937,488012,(VELOCITY),-1,-3,0,
imu(highres_imu),426186920,-0.148086,0.037565,-9.824700,
gps(global_position_int),426187,473977418,85455937,488012,(VELOCITY),-1,-3,0,
imu(highres_imu),426202979,-0.235705,-0.051658,-9.738626,
gps(global_position_int),426207,473977418,85455937,488011,(VELOCITY),-1,-3,0,
imu(highres_imu),426223041,-0.163469,-0.075493,-9.778407,
gps(global_position_int),426227,473977418,85455936,488011,(VELOCITY),-1,-3,0,
imu(highres_imu),426246996,-0.166696,0.016085,-9.791656,
gps(global_position_int),426247,473977418,85455936,488011,(VELOCITY),-1,-3,0,
imu(highres_imu),426262979,-0.250511,0.127621,-9.835075,
gps(global_position_int),426263,473977418,85455936,488011,(VELOCITY),-1,-3,0,
imu(highres_imu),426283978,-0.164023,0.006416,-9.768401,
gps(global_position_int),426290,473977418,85455936,488011,(VELOCITY),-1,-3,0,
imu(highres_imu),426307041,-0.188073,-0.088376,-9.833353,
gps(global_position_int),426307,473977418,85455936,488011,(VELOCITY),-1,-3,0,
imu(highres_imu),426326978,-0.195915,0.090225,-9.783466,
gps(global_position_int),426327,473977418,85455936,488011,(VELOCITY),-1,-3,0,
imu(highres_imu),426340995,-0.260124,0.027907,-9.772285,
gps(global_position_int),426347,473977418,85455936,488011,(VELOCITY),-1,-3,0,
imu(highres_imu),426367030,-0.226264,0.043416,-9.752420,
gps(global_position_int),426367,473977418,85455936,488011,(VELOCITY),0,-3,0,
imu(highres_imu),426382979,-0.288411,-0.066132,-9.726269,
gps(global_position_int),426387,473977418,85455936,488010,(VELOCITY),0,-3,0,
imu(highres_imu),426406996,-0.187665,0.062623,-9.837670,
gps(global_position_int),426407,473977418,85455936,488010,(VELOCITY),0,-3,0,
imu(highres_imu),426423009,-0.157225,0.028821,-9.807771,
gps(global_position_int),426427,473977418,85455936,488010,(VELOCITY),0,-3,0,
imu(highres_imu),426445826,-0.212497,0.008453,-9.738627,
gps(global_position_int),426446,473977418,85455936,488010,(VELOCITY),0,-3,0,
imu(highres_imu),426466977,-0.185115,0.079386,-9.864045,
gps(global_position_int),426467,473977418,85455936,488009,(VELOCITY),0,-3,0,
imu(highres_imu),426486996,-0.180092,0.028209,-9.780190,
gps(global_position_int),426487,473977418,85455936,488009,(VELOCITY),0,-3,0,
imu(highres_imu),426507011,-0.108117,-0.069493,-9.808516,
gps(global_position_int),426507,473977418,85455936,488008,(VELOCITY),0,-3,0,
imu(highres_imu),426523969,-0.126485,0.037901,-9.740980,
gps(global_position_int),426527,473977418,85455936,488008,(VELOCITY),0,-3,0,
imu(highres_imu),426542980,-0.192566,0.012777,-9.751055,
gps(global_position_int),426549,473977418,85455936,488008,(VELOCITY),0,-3,0,
imu(highres_imu),426566980,-0.178673,-0.077541,-9.873953,
gps(global_position_int),426567,473977418,85455936,488008,(VELOCITY),0,-4,0,
imu(highres_imu),426585064,-0.205719,-0.017583,-9.719310,
gps(global_position_int),426585,473977418,85455936,488007,(VELOCITY),0,-4,0,
imu(highres_imu),426601519,-0.224861,-0.106142,-9.696658,
gps(global_position_int),426607,473977418,85455936,488007,(VELOCITY),0,-4,0,
imu(highres_imu),426626980,-0.190431,0.043100,-9.755533,
gps(global_position_int),426627,473977418,85455936,488007,(VELOCITY),0,-4,0,
imu(highres_imu),427043043,-0.186520,-0.008862,-9.825116,
gps(global_position_int),427043,473977419,85455935,488004,(VELOCITY),0,-4,0,
imu(highres_imu),427062967,-0.150682,0.032643,-9.796087,
gps(global_position_int),427067,473977419,85455935,488003,(VELOCITY),0,-4,0,
imu(highres_imu),427083980,-0.151667,0.025279,-9.803355,
gps(global_position_int),427087,473977419,85455935,488003,(VELOCITY),0,-4,0,
imu(highres_imu),427102997,-0.217664,-0.032575,-9.855300,
gps(global_position_int),427107,473977419,85455935,488003,(VELOCITY),0,-4,0,
imu(highres_imu),427123994,-0.151929,-0.023651,-9.821597,
gps(global_position_int),427132,473977419,85455935,488003,(VELOCITY),0,-4,0,
imu(highres_imu),427144009,-0.199312,-0.045548,-9.764701,
gps(global_position_int),427144,473977419,85455935,488003,(VELOCITY),0,-4,0,
imu(highres_imu),427166967,-0.156263,0.026207,-9.792256,
gps(global_position_int),427167,473977419,85455935,488003,(VELOCITY),0,-4,0,
imu(highres_imu),427186996,-0.094102,0.048079,-9.805737,
gps(global_position_int),427187,473977419,85455935,488002,(VELOCITY),0,-4,0,
imu(highres_imu),427203009,-0.214953,-0.001673,-9.811679,
gps(global_position_int),427203,473977419,85455935,488002,(VELOCITY),0,-4,0,
imu(highres_imu),427226979,-0.149546,-0.040781,-9.772202,
gps(global_position_int),427227,473977419,85455935,488002,(VELOCITY),0,-4,0,
imu(highres_imu),427247050,-0.197710,0.088337,-9.829258,
gps(global_position_int),427247,473977419,85455935,488002,(VELOCITY),0,-4,0,
imu(highres_imu),427266970,-0.231158,-0.061847,-9.661565,
gps(global_position_int),427267,473977419,85455935,488002,(VELOCITY),0,-4,0,
imu(highres_imu),427308339,-0.093630,0.003111,-9.803207,
gps(global_position_int),427308,473977419,85455934,488002,(VELOCITY),0,-4,0,
imu(highres_imu),427324005,-0.164086,-0.004760,-9.748726,
gps(global_position_int),427329,473977419,85455934,488002,(VELOCITY),0,-4,0,
imu(highres_imu),427347008,-0.100844,-0.001478,-9.734935,
gps(global_position_int),427347,473977419,85455934,488002,(VELOCITY),0,-4,0,
imu(highres_imu),427366051,-0.136950,-0.061395,-9.870238,
gps(global_position_int),427366,473977419,85455934,488002,(VELOCITY),0,-4,0,
imu(highres_imu),427381854,-0.221211,0.032256,-9.785498,
gps(global_position_int),427389,473977419,85455934,488002,(VELOCITY),0,-4,0,
imu(highres_imu),427403967,-0.233847,-0.063976,-9.784122,
gps(global_position_int),427407,473977419,85455934,488001,(VELOCITY),0,-4,0,
imu(highres_imu),427428000,-0.146053,-0.056441,-9.824759,
gps(global_position_int),427428,473977419,85455934,488002,(VELOCITY),0,-4,0,
imu(highres_imu),427447058,-0.208067,-0.061767,-9.799121,
imu(highres_imu),427865009,-0.103402,-0.025371,-9.855584,
gps(global_position_int),427865,473977420,85455934,488002,(VELOCITY),0,-4,0,
gps(global_position_int),427887,473977420,85455934,488002,(VELOCITY),0,-4,0,
imu(highres_imu),427901240,-0.172381,-0.012378,-9.834352,
gps(global_position_int),427907,473977420,85455934,488002,(VELOCITY),0,-4,0,
imu(highres_imu),427922998,-0.181245,0.018696,-9.781945,
gps(global_position_int),427927,473977420,85455934,488002,(VELOCITY),0,-4,0,
imu(highres_imu),427942978,-0.222908,0.038940,-9.766609,
gps(global_position_int),427943,473977420,85455934,488002,(VELOCITY),0,-4,0,
imu(highres_imu),427966980,-0.194937,-0.043815,-9.854015,
gps(global_position_int),427967,473977420,85455934,488003,(VELOCITY),0,-4,0,
gps(global_position_int),427991,473977420,85455934,488003,(VELOCITY),0,-4,0,
imu(highres_imu),428005288,-0.203967,0.067663,-9.833536,
gps(global_position_int),428005,473977420,85455934,488003,(VELOCITY),0,-4,0,
imu(highres_imu),428024978,-0.154554,0.033823,-9.866153,
gps(global_position_int),428028,473977420,85455934,488003,(VELOCITY),0,-4,0,
imu(highres_imu),428042979,-0.243754,0.069190,-9.769515,
gps(global_position_int),428043,473977420,85455934,488003,(VELOCITY),0,-4,0,
imu(highres_imu),428059981,-0.098947,0.050782,-9.764068,
gps(global_position_int),428060,473977420,85455934,488003,(VELOCITY),0,-4,0,
imu(highres_imu),428387981,-0.135985,-0.026699,-9.869986,
gps(global_position_int),428391,473977420,85455934,488004,(VELOCITY),1,-3,0,
imu(highres_imu),428411022,-0.187415,0.087143,-9.759051,
gps(global_position_int),428411,473977420,85455934,488004,(VELOCITY),1,-3,0,
imu(highres_imu),428427978,-0.188781,0.053700,-9.748223,
gps(global_position_int),428434,473977420,85455934,488004,(VELOCITY),1,-3,0,
imu(highres_imu),428448983,-0.075078,-0.097288,-9.694942,
gps(global_position_int),428452,473977420,85455934,488004,(VELOCITY),1,-3,0,
imu(highres_imu),428470994,-0.107754,0.051899,-9.761909,
gps(global_position_int),428474,473977420,85455935,488004,(VELOCITY),1,-3,0,
imu(highres_imu),428491018,-0.165030,-0.046877,-9.838022,
gps(global_position_int),428495,473977420,85455935,488004,(VELOCITY),1,-3,0,
imu(highres_imu),428512007,-0.118223,-0.005299,-9.804698,
gps(global_position_int),428512,473977420,85455935,488004,(VELOCITY),1,-3,0,
imu(highres_imu),428531012,-0.176938,-0.094102,-9.711819,
gps(global_position_int),428531,473977420,85455935,488004,(VELOCITY),1,-3,0,
gps(global_position_int),428903,473977420,85455935,488004,(VELOCITY),1,-2,0,
imu(highres_imu),428918980,-0.165810,-0.026896,-9.843276,
gps(global_position_int),428924,473977420,85455935,488004,(VELOCITY),1,-2,0,
imu(highres_imu),428938977,-0.199638,0.045841,-9.878522,
gps(global_position_int),428942,473977420,85455935,488004,(VELOCITY),1,-2,0,
imu(highres_imu),428960990,-0.142297,0.073729,-9.781157,
gps(global_position_int),428961,473977420,85455935,488004,(VELOCITY),1,-2,0,
imu(highres_imu),428982994,-0.199075,-0.010358,-9.780862,
gps(global_position_int),428983,473977420,85455935,488004,(VELOCITY),1,-2,0,
imu(highres_imu),429003996,-0.173363,-0.038776,-9.767308,
gps(global_position_int),429004,473977420,85455936,488005,(VELOCITY),1,-2,0,
imu(highres_imu),429022979,-0.183561,-0.073245,-9.766712,
gps(global_position_int),429023,473977420,85455936,488005,(VELOCITY),1,-2,0,
imu(highres_imu),429043046,-0.224594,-0.090855,-9.776976,
gps(global_position_int),429043,473977420,85455936,488005,(VELOCITY),1,-2,0,
imu(highres_imu),429062977,-0.136243,0.018122,-9.841964,
gps(global_position_int),429063,473977420,85455936,488005,(VELOCITY),1,-2,0,
imu(highres_imu),429083008,-0.189021,0.000748,-9.846081,
gps(global_position_int),429083,473977420,85455936,488005,(VELOCITY),1,-2,0,
imu(highres_imu),429106968,-0.221181,0.062480,-9.784986,
gps(global_position_int),429107,473977420,85455936,488006,(VELOCITY),1,-2,0,
imu(highres_imu),429427037,-0.124100,-0.026216,-9.841893,
gps(global_position_int),429432,473977421,85455937,488007,(VELOCITY),2,0,0,
imu(highres_imu),429442978,-0.222418,0.013981,-9.774709,
gps(global_position_int),429443,473977421,85455937,488007,(VELOCITY),2,0,0,
imu(highres_imu),429466978,-0.108882,0.086439,-9.834467,
gps(global_position_int),429471,473977421,85455937,488007,(VELOCITY),2,0,0,
imu(highres_imu),429490967,-0.128486,-0.003397,-9.822988,
gps(global_position_int),429491,473977421,85455937,488007,(VELOCITY),2,0,0,
imu(highres_imu),429510996,-0.128767,0.029349,-9.772429,
gps(global_position_int),429511,473977421,85455937,488007,(VELOCITY),2,0,0,
imu(highres_imu),429527991,-0.206478,-0.013898,-9.794911,
gps(global_position_int),429532,473977421,85455937,488007,(VELOCITY),2,0,0,
imu(highres_imu),429549057,-0.102459,0.061899,-9.745337,
gps(global_position_int),429555,473977421,85455938,488007,(VELOCITY),2,0,0,
imu(highres_imu),429571088,-0.136208,0.006919,-9.876923,
gps(global_position_int),429571,473977421,85455938,488007,(VELOCITY),2,0,0,
imu(highres_imu),429590967,-0.209505,-0.018216,-9.798343,
gps(global_position_int),429591,473977421,85455938,488007,(VELOCITY),2,0,0,
imu(highres_imu),429610967,-0.114690,0.013446,-9.809512,
gps(global_position_int),429611,473977421,85455938,488007,(VELOCITY),2,0,0,
imu(highres_imu),429631979,-0.226412,0.013369,-9.825678,
gps(global_position_int),429632,473977421,85455938,488007,(VELOCITY),2,0,0,
imu(highres_imu),429954537,-0.082471,-0.061710,-9.734385,
gps(global_position_int),429954,473977421,85455940,488005,(VELOCITY),2,1,0,
imu(highres_imu),429973044,-0.242682,-0.036179,-9.893175,
gps(global_position_int),429977,473977421,85455940,488005,(VELOCITY),2,1,0,
imu(highres_imu),429993967,-0.207029,-0.006152,-9.767583,
gps(global_position_int),429994,473977421,85455940,488005,(VELOCITY),2,2,0,
imu(highres_imu),430012046,-0.205966,0.001664,-9.737702,
gps(global_position_int),430015,473977421,85455940,488005,(VELOCITY),2,2,0,
imu(highres_imu),430035675,-0.197823,0.052214,-9.863507,
gps(global_position_int),430036,473977421,85455940,488004,(VELOCITY),2,2,0,
imu(highres_imu),430056030,-0.190779,-0.009534,-9.774489,
gps(global_position_int),430056,473977421,85455940,488004,(VELOCITY),2,2,0,
imu(highres_imu),430074967,-0.144298,0.020097,-9.772933,
gps(global_position_int),430075,473977421,85455940,488004,(VELOCITY),2,2,0,
imu(highres_imu),430094970,-0.171511,-0.040133,-9.844113,
gps(global_position_int),430095,473977421,85455940,488004,(VELOCITY),2,2,0,
imu(highres_imu),430116009,-0.122693,-0.014108,-9.896301,
gps(global_position_int),430116,473977421,85455940,488004,(VELOCITY),2,2,0,
imu(highres_imu),430130981,-0.070100,0.017205,-9.714416,
gps(global_position_int),430138,473977421,85455940,488004,(VELOCITY),2,2,0,
imu(highres_imu),430156047,-0.163218,-0.031853,-9.821277,
gps(global_position_int),430156,473977421,85455940,488004,(VELOCITY),2,2,0,
imu(highres_imu),430479979,-0.217071,-0.112832,-9.750072,
gps(global_position_int),430480,473977421,85455942,488003,(VELOCITY),2,3,0,
imu(highres_imu),430498978,-0.142464,0.002586,-9.828867,
gps(global_position_int),430499,473977421,85455942,488002,(VELOCITY),2,3,0,
imu(highres_imu),430518981,-0.051927,-0.031982,-9.750301,
gps(global_position_int),430519,473977421,85455942,488002,(VELOCITY),2,3,0,
imu(highres_imu),430539031,-0.163653,0.188473,-9.890373,
gps(global_position_int),430539,473977421,85455942,488002,(VELOCITY),2,3,0,
imu(highres_imu),430558976,-0.159052,0.026007,-9.739567,
gps(global_position_int),430559,473977421,85455942,488002,(VELOCITY),2,3,0,
imu(highres_imu),430578976,-0.153809,-0.096337,-9.850178,
gps(global_position_int),430584,473977421,85455942,488002,(VELOCITY),2,3,0,
imu(highres_imu),430599006,-0.165636,-0.036033,-9.864421,
gps(global_position_int),430603,473977421,85455942,488002,(VELOCITY),2,3,0,
imu(highres_imu),430618981,-0.119777,0.002938,-9.815753,
gps(global_position_int),430625,473977421,85455942,488001,(VELOCITY),2,3,0,
imu(highres_imu),430634994,-0.256183,-0.074316,-9.843598,
gps(global_position_int),430641,473977421,85455942,488001,(VELOCITY),2,3,0,
imu(highres_imu),430659560,-0.191523,0.051492,-9.767308,
gps(global_position_int),430659,473977421,85455942,488001,(VELOCITY),2,3,0,
imu(highres_imu),430682996,-0.189216,0.006827,-9.790068,
gps(global_position_int),430683,473977421,85455942,488001,(VELOCITY),2,3,0,
imu(highres_imu),430982978,-0.207045,0.033666,-9.771096,
gps(global_position_int),430987,473977421,85455943,487998,(VELOCITY),2,3,0,
imu(highres_imu),431002980,-0.238060,-0.028771,-9.722882,
gps(global_position_int),431003,473977421,85455943,487998,(VELOCITY),2,3,0,
imu(highres_imu),431021861,-0.164295,0.023669,-9.879552,
gps(global_position_int),431027,473977421,85455943,487997,(VELOCITY),2,3,0,
imu(highres_imu),431044045,-0.140066,-0.033166,-9.753780,
gps(global_position_int),431044,473977421,85455943,487997,(VELOCITY),2,3,1,
imu(highres_imu),431062967,-0.249811,-0.075883,-9.813905,
gps(global_position_int),431068,473977421,85455943,487996,(VELOCITY),2,3,1,
imu(highres_imu),431082967,-0.244799,0.059749,-9.831227,
gps(global_position_int),431087,473977421,85455943,487996,(VELOCITY),1,3,1,
imu(highres_imu),431102980,-0.196967,0.054641,-9.749120,
gps(global_position_int),431103,473977421,85455943,487996,(VELOCITY),1,3,0,
imu(highres_imu),431123112,-0.242769,-0.040321,-9.780454,
gps(global_position_int),431126,473977421,85455943,487995,(VELOCITY),1,3,0,
imu(highres_imu),431144098,-0.163545,0.003294,-9.885262,
gps(global_position_int),431147,473977421,85455943,487995,(VELOCITY),1,3,0,
imu(highres_imu),431166979,-0.211285,0.095404,-9.803650,
gps(global_position_int),431167,473977421,85455943,487995,(VELOCITY),1,3,0,
imu(highres_imu),431183988,-0.220175,-0.041467,-9.782231,
gps(global_position_int),431188,473977421,85455943,487995,(VELOCITY),1,3,0,
imu(highres_imu),431507978,-0.188461,-0.049692,-9.738199,
gps(global_position_int),431512,473977421,85455943,487995,(VELOCITY),1,3,0,
imu(highres_imu),431526988,-0.222460,-0.039556,-9.850547,
gps(global_position_int),431527,473977421,85455943,487995,(VELOCITY),2,3,0,
imu(highres_imu),431547010,-0.170307,0.030921,-9.709401,
gps(global_position_int),431551,473977421,85455943,487995,(VELOCITY),2,3,0,
imu(highres_imu),431568043,-0.164681,0.047371,-9.762780,
gps(global_position_int),431571,473977421,85455943,487995,(VELOCITY),2,4,0,
imu(highres_imu),431590996,-0.220430,-0.006573,-9.866652,
gps(global_position_int),431591,473977421,85455943,487995,(VELOCITY),2,4,0,
imu(highres_imu),431611996,-0.181851,-0.030364,-9.880744,
gps(global_position_int),431612,473977421,85455943,487994,(VELOCITY),2,3,0,
imu(highres_imu),431632996,-0.184884,0.056184,-9.742419,
gps(global_position_int),431633,473977421,85455943,487994,(VELOCITY),2,3,0,
imu(highres_imu),431651998,-0.186174,0.035766,-9.824964,
gps(global_position_int),431652,473977421,85455943,487994,(VELOCITY),2,3,0,
imu(highres_imu),431670981,-0.199775,0.070981,-9.830891,
gps(global_position_int),431671,473977421,85455943,487994,(VELOCITY),2,4,0,
imu(highres_imu),431692043,-0.217553,-0.004309,-9.864014,
gps(global_position_int),431692,473977421,85455943,487994,(VELOCITY),2,4,0,
imu(highres_imu),431711978,-0.084631,-0.000048,-9.934844,
gps(global_position_int),431715,473977421,85455943,487995,(VELOCITY),2,4,0,
imu(highres_imu),432015009,-0.063008,-0.020546,-9.727739,
gps(global_position_int),432019,473977421,85455944,487994,(VELOCITY),2,4,1,
imu(highres_imu),432035967,-0.201427,0.073448,-9.705040,
gps(global_position_int),432040,473977421,85455944,487994,(VELOCITY),2,4,1,
imu(highres_imu),432054968,-0.158165,0.012305,-9.794610,
gps(global_position_int),432055,473977421,85455944,487994,(VELOCITY),2,4,1,
imu(highres_imu),432074979,-0.209261,-0.036661,-9.795649,
gps(global_position_int),432080,473977421,85455944,487993,(VELOCITY),2,4,1,
imu(highres_imu),432098967,-0.181626,0.110400,-9.782301,
gps(global_position_int),432099,473977421,85455944,487993,(VELOCITY),2,4,1,
imu(highres_imu),432113764,-0.111786,-0.059972,-9.752994,
gps(global_position_int),432120,473977421,85455944,487992,(VELOCITY),2,4,1,
imu(highres_imu),432137017,-0.214376,0.094711,-9.830011,
gps(global_position_int),432140,473977421,85455944,487992,(VELOCITY),2,4,1,
imu(highres_imu),432160009,-0.150703,-0.076567,-9.818638,
gps(global_position_int),432160,473977421,85455944,487992,(VELOCITY),2,4,1,
imu(highres_imu),432179006,-0.194482,0.034144,-9.806871,
gps(global_position_int),432179,473977421,85455944,487992,(VELOCITY),2,4,1,
gps(global_position_int),432487,473977421,85455944,487992,(VELOCITY),2,4,1,
imu(highres_imu),432502978,-0.192168,-0.037479,-9.880195,
gps(global_position_int),432503,473977421,85455944,487992,(VELOCITY),2,4,1,
imu(highres_imu),432524052,-0.194440,-0.068932,-9.844631,
gps(global_position_int),432524,473977421,85455944,487992,(VELOCITY),2,4,1,
imu(highres_imu),432543982,-0.150962,0.045254,-9.836798,
gps(global_position_int),432544,473977421,85455944,487992,(VELOCITY),2,4,1,
imu(highres_imu),432562981,-0.205254,-0.132990,-9.800136,
gps(global_position_int),432563,473977421,85455944,487992,(VELOCITY),2,4,1,
imu(highres_imu),432581859,-0.141687,0.049451,-9.812742,
gps(global_position_int),432582,473977421,85455944,487992,(VELOCITY),2,4,1,
imu(highres_imu),432602989,-0.105538,-0.031853,-9.787911,
gps(global_position_int),432603,473977421,85455944,487993,(VELOCITY),2,4,1,
imu(highres_imu),432624020,-0.201692,-0.019075,-9.811401,
gps(global_position_int),432624,473977421,85455944,487993,(VELOCITY),2,4,1,
gps(global_position_int),432646,473977421,85455944,487993,(VELOCITY),2,4,1,
imu(highres_imu),432662996,-0.152316,-0.015657,-9.743141,
gps(global_position_int),432663,473977421,85455944,487994,(VELOCITY),2,3,1,
gps(global_position_int),433011,473977421,85455944,487997,(VELOCITY),2,3,0,
imu(highres_imu),433028994,-0.175790,-0.046510,-9.781443,
gps(global_position_int),433029,473977421,85455944,487997,(VELOCITY),2,3,0,
imu(highres_imu),433050928,-0.161171,-0.081198,-9.784753,
gps(global_position_int),433051,473977421,85455944,487997,(VELOCITY),2,3,1,
imu(highres_imu),433066967,-0.168964,-0.015285,-9.824855,
gps(global_position_int),433067,473977421,85455944,487997,(VELOCITY),2,3,1,
imu(highres_imu),433088996,-0.175600,-0.005437,-9.882566,
gps(global_position_int),433092,473977421,85455944,487997,(VELOCITY),2,3,1,
imu(highres_imu),433108008,-0.224707,0.040324,-9.901634,
gps(global_position_int),433112,473977421,85455944,487997,(VELOCITY),2,3,1,
imu(highres_imu),433130994,-0.208412,0.053831,-9.847697,
gps(global_position_int),433131,473977421,85455944,487997,(VELOCITY),2,3,1,
imu(highres_imu),433147981,-0.200079,-0.008952,-9.785973,
gps(global_position_int),433152,473977421,85455944,487997,(VELOCITY),2,3,1,
imu(highres_imu),433166994,-0.216779,-0.039012,-9.804317,
gps(global_position_int),433173,473977421,85455944,487997,(VELOCITY),2,3,1,
imu(highres_imu),433192008,-0.177069,0.010928,-9.772941,
gps(global_position_int),433192,473977421,85455944,487997,(VELOCITY),2,3,1,
imu(highres_imu),433210978,-0.117401,-0.042176,-9.848837,
gps(global_position_int),433540,473977422,85455944,487994,(VELOCITY),2,3,1,
imu(highres_imu),433557097,-0.156600,0.066941,-9.760924,
gps(global_position_int),433557,473977422,85455944,487994,(VELOCITY),2,3,1,
imu(highres_imu),433576004,-0.226131,-0.088378,-9.770679,
gps(global_position_int),433580,473977422,85455944,487994,(VELOCITY),2,3,1,
imu(highres_imu),433596053,-0.250807,0.006944,-9.777495,
gps(global_position_int),433600,473977422,85455944,487994,(VELOCITY),2,3,1,
imu(highres_imu),433615990,-0.093737,-0.025394,-9.759769,
gps(global_position_int),433619,473977422,85455944,487994,(VELOCITY),2,3,1,
imu(highres_imu),433635997,-0.135439,-0.035160,-9.833020,
gps(global_position_int),433636,473977422,85455944,487994,(VELOCITY),2,3,1,
imu(highres_imu),433659996,-0.164195,0.055087,-9.792439,
gps(global_position_int),433660,473977422,85455944,487994,(VELOCITY),2,3,1,
imu(highres_imu),433679999,-0.101700,-0.012701,-9.827936,
gps(global_position_int),433680,473977422,85455944,487994,(VELOCITY),2,3,1,
imu(highres_imu),433698977,-0.226854,0.045089,-9.760109,
gps(global_position_int),433699,473977422,85455944,487994,(VELOCITY),2,3,1,
imu(highres_imu),433719181,-0.177888,-0.070790,-9.802152,
gps(global_position_int),433719,473977422,85455944,487994,(VELOCITY),2,3,1,
imu(highres_imu),433740052,-0.058785,-0.027737,-9.840592,
gps(global_position_int),433740,473977422,85455944,487994,(VELOCITY),2,3,1,
imu(highres_imu),434064032,-0.178955,0.059117,-9.830063,
gps(global_position_int),434068,473977422,85455944,487993,(VELOCITY),2,3,0,
imu(highres_imu),434083052,-0.093184,0.028283,-9.852478,
gps(global_position_int),434088,473977422,85455944,487993,(VELOCITY),2,3,0,
imu(highres_imu),434103106,-0.185295,-0.055747,-9.778738,
gps(global_position_int),434109,473977421,85455944,487993,(VELOCITY),2,3,0,
imu(highres_imu),434125967,-0.249352,-0.065820,-9.850427,
gps(global_position_int),434126,473977422,85455944,487993,(VELOCITY),2,3,0,
imu(highres_imu),434142242,-0.204698,0.086910,-9.821608,
gps(global_position_int),434148,473977422,85455944,487993,(VELOCITY),2,3,0,
imu(highres_imu),434163992,-0.153987,-0.016585,-9.862090,
gps(global_position_int),434168,473977421,85455943,487993,(VELOCITY),2,3,0,
imu(highres_imu),434187977,-0.243499,-0.045925,-9.801941,
gps(global_position_int),434188,473977421,85455943,487993,(VELOCITY),2,3,0,
imu(highres_imu),434205967,-0.148856,-0.074112,-9.813192,
gps(global_position_int),434206,473977421,85455943,487993,(VELOCITY),2,3,0,
imu(highres_imu),434226977,-0.117966,0.032308,-9.802979,
gps(global_position_int),434227,473977421,85455943,487993,(VELOCITY),2,3,0,
imu(highres_imu),434568020,-0.185564,0.046997,-9.719712,
gps(global_position_int),434568,473977421,85455943,487997,(VELOCITY),2,3,0,
imu(highres_imu),434588996,-0.250017,-0.013433,-9.720254,
gps(global_position_int),434589,473977421,85455943,487997,(VELOCITY),2,3,0,
imu(highres_imu),434610404,-0.233095,-0.051413,-9.845286,
gps(global_position_int),434610,473977421,85455943,487997,(VELOCITY),2,3,0,
imu(highres_imu),434631967,-0.125198,0.018233,-9.759405,
gps(global_position_int),434632,473977421,85455943,487998,(VELOCITY),2,3,0,
imu(highres_imu),434652051,-0.172012,-0.026892,-9.731518,
gps(global_position_int),434652,473977421,85455943,487998,(VELOCITY),2,3,0,
gps(global_position_int),434672,473977421,85455943,487998,(VELOCITY),2,3,0,
imu(highres_imu),434688978,-0.139892,0.025898,-9.924181,
gps(global_position_int),434692,473977421,85455943,487998,(VELOCITY),2,3,0,
imu(highres_imu),434712050,-0.271292,0.001932,-9.769361,
gps(global_position_int),434712,473977421,85455943,487999,(VELOCITY),2,3,0,
imu(highres_imu),434728977,-0.114734,0.080368,-9.758134,
gps(global_position_int),434732,473977421,85455943,487999,(VELOCITY),2,3,0,
imu(highres_imu),434751967,-0.237526,0.003039,-9.723202,
gps(global_position_int),434752,473977421,85455943,487999,(VELOCITY),2,3,0,
gps(global_position_int),434773,473977421,85455943,487999,(VELOCITY),2,3,0,
imu(highres_imu),435094039,-0.164187,0.024226,-9.866375,
gps(global_position_int),435094,473977421,85455943,488001,(VELOCITY),2,3,0,
imu(highres_imu),435112059,-0.141951,-0.015713,-9.897169,
gps(global_position_int),435116,473977421,85455943,488001,(VELOCITY),2,3,0,
imu(highres_imu),435130202,-0.093887,0.004569,-9.818150,
gps(global_position_int),435136,473977421,85455943,488001,(VELOCITY),2,3,0,
imu(highres_imu),435155983,-0.169571,0.045323,-9.670394,
gps(global_position_int),435156,473977421,85455943,488001,(VELOCITY),1,3,0,
imu(highres_imu),435172019,-0.192820,-0.019368,-9.823555,
gps(global_position_int),435176,473977421,85455943,488001,(VELOCITY),2,3,0,
imu(highres_imu),435193019,-0.188001,0.010050,-9.845568,
gps(global_position_int),435196,473977421,85455943,488001,(VELOCITY),1,3,0,
imu(highres_imu),435215980,-0.270494,-0.047119,-9.905025,
gps(global_position_int),435216,473977421,85455943,488002,(VELOCITY),1,3,0,
imu(highres_imu),435234079,-0.173085,0.006657,-9.759272,
gps(global_position_int),435234,473977421,85455943,488002,(VELOCITY),1,3,0,
imu(highres_imu),435255976,-0.196120,0.032339,-9.872447,
gps(global_position_int),435256,473977421,85455943,488002,(VELOCITY),1,3,0,
imu(highres_imu),435276996,-0.169550,-0.006763,-9.850185,
gps(global_position_int),435277,473977421,85455943,488002,(VELOCITY),1,3,0,
imu(highres_imu),435620021,-0.208732,0.057319,-9.780984,
gps(global_position_int),435626,473977421,85455943,488006,(VELOCITY),1,3,0,
imu(highres_imu),435640997,-0.254621,0.012728,-9.729716,
gps(global_position_int),435644,473977421,85455943,488006,(VELOCITY),1,3,0,
imu(highres_imu),435659967,-0.141154,-0.062674,-9.785566,
gps(global_position_int),435664,473977421,85455943,488006,(VELOCITY),1,3,0,
imu(highres_imu),435684008,-0.173225,-0.015344,-9.805130,
gps(global_position_int),435684,473977421,85455943,488007,(VELOCITY),1,3,0,
imu(highres_imu),435702792,-0.096652,0.074810,-9.857702,
gps(global_position_int),435703,473977421,85455943,488007,(VELOCITY),1,3,0,
imu(highres_imu),435720052,-0.227295,-0.006484,-9.744939,
gps(global_position_int),435728,473977421,85455943,488007,(VELOCITY),1,3,0,
imu(highres_imu),435743981,-0.172061,-0.043946,-9.831896,
gps(global_position_int),435744,473977421,85455943,488007,(VELOCITY),1,3,0,
imu(highres_imu),435764058,-0.253391,0.054007,-9.753135,
gps(global_position_int),435764,473977421,85455943,488007,(VELOCITY),1,3,0,
imu(highres_imu),435783980,-0.141557,-0.009710,-9.770047,
gps(global_position_int),435784,473977421,85455943,488008,(VELOCITY),1,3,0,
imu(highres_imu),435803967,-0.101196,0.031898,-9.779656,
gps(global_position_int),435807,473977421,85455943,488008,(VELOCITY),1,3,0,
imu(highres_imu),435825978,-0.334165,-0.056177,-9.837590,
gps(global_position_int),435829,473977421,85455943,488008,(VELOCITY),1,3,0,
imu(highres_imu),436148978,-0.141102,-0.000371,-9.759327,
gps(global_position_int),436152,473977421,85455943,488007,(VELOCITY),1,3,0,
imu(highres_imu),436170763,-0.223732,0.046569,-9.756816,
gps(global_position_int),436171,473977421,85455943,488007,(VELOCITY),1,3,0,
imu(highres_imu),436188033,-0.109721,0.070845,-9.745853,
gps(global_position_int),436193,473977421,85455943,488007,(VELOCITY),1,3,0,
imu(highres_imu),436209967,-0.188534,0.087952,-9.857221,
gps(global_position_int),436216,473977421,85455943,488007,(VELOCITY),1,3,0,
imu(highres_imu),436231996,-0.263248,-0.037694,-9.734967,
gps(global_position_int),436232,473977421,85455943,488007,(VELOCITY),1,3,0,
imu(highres_imu),436247978,-0.192770,0.017548,-9.871470,
gps(global_position_int),436253,473977421,85455943,488006,(VELOCITY),0,3,0,
imu(highres_imu),436268989,-0.107897,-0.063863,-9.832266,
gps(global_position_int),436275,473977421,85455943,488006,(VELOCITY),0,3,0,
imu(highres_imu),436287978,-0.186370,-0.009044,-9.841535,
gps(global_position_int),436293,473977421,85455943,488006,(VELOCITY),0,3,0,
imu(highres_imu),436311990,-0.093269,0.020902,-9.828980,
gps(global_position_int),436312,473977421,85455943,488006,(VELOCITY),0,3,0,
imu(highres_imu),436632967,-0.189780,-0.049313,-9.896521,
gps(global_position_int),436633,473977420,85455943,488004,(VELOCITY),1,2,0,
imu(highres_imu),436651997,-0.097056,-0.099275,-9.767116,
gps(global_position_int),436652,473977420,85455943,488004,(VELOCITY),0,2,0,
imu(highres_imu),436672997,-0.124160,-0.025698,-9.751443,
gps(global_position_int),436673,473977420,85455943,488004,(VELOCITY),0,2,0,
gps(global_position_int),436696,473977420,85455943,488004,(VELOCITY),1,2,0,
imu(highres_imu),436711995,-0.261924,-0.049199,-9.810328,
gps(global_position_int),436716,473977420,85455943,488004,(VELOCITY),0,2,0,
imu(highres_imu),436731983,-0.245517,-0.004368,-9.819797,
gps(global_position_int),436737,473977420,85455943,488004,(VELOCITY),0,2,0,
imu(highres_imu),436752967,-0.102910,-0.016452,-9.908280,
gps(global_position_int),436756,473977420,85455943,488004,(VELOCITY),1,2,0,
imu(highres_imu),436772105,-0.290549,0.076567,-9.754166,
gps(global_position_int),436777,473977420,85455943,488004,(VELOCITY),1,2,0,
imu(highres_imu),436794321,-0.150008,0.078102,-9.743183,
gps(global_position_int),436794,473977420,85455943,488003,(VELOCITY),1,2,0,
imu(highres_imu),436815978,-0.168891,-0.047336,-9.754094,
gps(global_position_int),436816,473977420,85455943,488003,(VELOCITY),1,2,0,
imu(highres_imu),437172009,-0.255572,0.067249,-9.814613,
gps(global_position_int),437177,473977420,85455943,488000,(VELOCITY),1,2,0,
imu(highres_imu),437196032,-0.197078,0.025299,-9.831000,
gps(global_position_int),437196,473977420,85455943,488000,(VELOCITY),0,2,0,
imu(highres_imu),437216007,-0.130918,-0.056374,-9.916184,
gps(global_position_int),437216,473977420,85455943,488000,(VELOCITY),1,2,0,
imu(highres_imu),437236047,-0.103377,0.077839,-9.794500,
gps(global_position_int),437236,473977420,85455943,488000,(VELOCITY),1,2,0,
imu(highres_imu),437255976,-0.103709,-0.016870,-9.811881,
gps(global_position_int),437260,473977420,85455943,488000,(VELOCITY),1,2,0,
imu(highres_imu),437276980,-0.198029,0.060664,-9.823622,
gps(global_position_int),437277,473977420,85455943,488000,(VELOCITY),1,2,0,
gps(global_position_int),437297,473977420,85455943,488000,(VELOCITY),1,2,0,
imu(highres_imu),437314507,-0.230464,0.095475,-9.771237,
gps(global_position_int),437320,473977420,85455943,488000,(VELOCITY),1,2,0,
imu(highres_imu),437338006,-0.214443,0.046097,-9.792425,
gps(global_position_int),437341,473977420,85455943,488000,(VELOCITY),1,2,0,
imu(highres_imu),437355997,-0.067191,0.002784,-9.797139,
imu(highres_imu),437683978,-0.233911,0.021491,-9.797214,
gps(global_position_int),437684,473977420,85455942,488003,(VELOCITY),1,1,0,
imu(highres_imu),437700022,-0.211656,-0.012964,-9.865828,
gps(global_position_int),437704,473977420,85455942,488003,(VELOCITY),1,1,0,
imu(highres_imu),437724996,-0.204500,0.104078,-9.948458,
gps(global_position_int),437725,473977420,85455942,488003,(VELOCITY),0,1,0,
imu(highres_imu),437741007,-0.131575,0.029829,-9.829018,
gps(global_position_int),437744,473977420,85455942,488003,(VELOCITY),1,1,0,
imu(highres_imu),437763994,-0.137767,0.044746,-9.864297,
gps(global_position_int),437764,473977420,85455942,488004,(VELOCITY),1,1,0,
imu(highres_imu),437782316,-0.215438,-0.057418,-9.844993,
gps(global_position_int),437782,473977420,85455942,488004,(VELOCITY),1,1,0,
imu(highres_imu),437803990,-0.150143,0.104480,-9.818986,
gps(global_position_int),437804,473977420,85455942,488004,(VELOCITY),1,1,0,
imu(highres_imu),437819979,-0.132531,0.043754,-9.751550,
gps(global_position_int),437825,473977420,85455942,488005,(VELOCITY),1,1,0,
imu(highres_imu),437843967,-0.205752,-0.021504,-9.825922,
gps(global_position_int),437844,473977420,85455942,488005,(VELOCITY),1,1,0,
imu(highres_imu),437863967,-0.147506,-0.009015,-9.748211,
gps(global_position_int),437864,473977420,85455942,488005,(VELOCITY),1,1,0,
imu(highres_imu),438188980,-0.122778,0.060774,-9.845174,
gps(global_position_int),438189,473977420,85455941,488008,(VELOCITY),0,0,0,
imu(highres_imu),438209019,-0.261488,0.042455,-9.820547,
gps(global_position_int),438213,473977420,85455941,488008,(VELOCITY),0,0,0,
imu(highres_imu),438227983,-0.182066,0.023446,-9.777394,
gps(global_position_int),438232,473977420,85455941,488008,(VELOCITY),0,0,0,
imu(highres_imu),438248050,-0.114506,0.020459,-9.819561,
gps(global_position_int),438251,473977420,85455941,488008,(VELOCITY),0,0,0,
imu(highres_imu),438270006,-0.145113,0.152677,-9.927065,
gps(global_position_int),438270,473977420,85455941,488008,(VELOCITY),0,0,0,
imu(highres_imu),438289008,-0.136725,-0.040880,-9.844324,
gps(global_position_int),438293,473977420,85455941,488008,(VELOCITY),0,0,0,
imu(highres_imu),438308998,-0.181211,-0.011531,-9.780598,
gps(global_position_int),438309,473977420,85455941,488008,(VELOCITY),0,0,0,
imu(highres_imu),438327978,-0.142078,-0.001858,-9.843348,
gps(global_position_int),438328,473977420,85455941,488008,(VELOCITY),0,0,0,
imu(highres_imu),438673980,0.000143,0.002056,-11.297348,
gps(global_position_int),438674,473977420,85455940,488011,(VELOCITY),-3,-2,-7,
imu(highres_imu),438692996,0.009628,-0.003193,-11.542851,
gps(global_position_int),438693,473977420,85455940,488013,(VELOCITY),-5,-3,-10,
imu(highres_imu),438711980,0.042581,-0.022452,-11.832582,
gps(global_position_int),438717,473977420,85455940,488016,(VELOCITY),-8,-4,-14,
imu(highres_imu),438732021,0.053257,0.005427,-12.147492,
gps(global_position_int),438732,473977420,85455940,488019,(VELOCITY),-11,-6,-18,
imu(highres_imu),438753009,0.027196,0.017877,-12.442242,
gps(global_position_int),438756,473977419,85455940,488024,(VELOCITY),-15,-7,-24,
imu(highres_imu),438770752,-0.023370,0.091207,-12.700244,
gps(global_position_int),438771,473977419,85455940,488028,(VELOCITY),-17,-8,-28,
imu(highres_imu),438792967,0.013879,-0.043640,-13.001419,
gps(global_position_int),438796,473977419,85455939,488036,(VELOCITY),-22,-10,-35,
imu(highres_imu),438811988,0.013484,0.013062,-13.216339,
gps(global_position_int),438816,473977418,85455939,488044,(VELOCITY),-25,-12,-41,
imu(highres_imu),438831976,0.046545,-0.032492,-13.637945,
imu(highres_imu),439154978,-0.011926,-0.019315,-13.101892,
gps(global_position_int),439158,473977402,85455928,488453,(VELOCITY),-75,-32,-198,
imu(highres_imu),439177030,0.032209,-0.046443,-12.806284,
gps(global_position_int),439177,473977401,85455927,488487,(VELOCITY),-76,-33,-204,
imu(highres_imu),439196967,-0.018060,0.041718,-12.510495,
gps(global_position_int),439197,473977399,85455926,488530,(VELOCITY),-77,-34,-209,
imu(highres_imu),439216035,0.041757,-0.005742,-12.362995,
gps(global_position_int),439216,473977398,85455925,488569,(VELOCITY),-78,-34,-214,
imu(highres_imu),439236997,-0.018020,-0.032507,-12.224946,
gps(global_position_int),439237,473977397,85455924,488612,(VELOCITY),-79,-35,-219,
imu(highres_imu),439256978,-0.047118,-0.035217,-11.971745,
gps(global_position_int),439257,473977395,85455924,488658,(VELOCITY),-80,-35,-224,
imu(highres_imu),439276967,-0.114031,-0.052492,-11.871303,
gps(global_position_int),439277,473977394,85455923,488704,(VELOCITY),-81,-36,-228,
imu(highres_imu),439296020,0.000584,-0.100740,-11.652433,
gps(global_position_int),439296,473977393,85455922,488747,(VELOCITY),-82,-36,-232,
imu(highres_imu),439316034,-0.011448,0.023166,-11.507012,
gps(global_position_int),439316,473977391,85455921,488795,(VELOCITY),-82,-36,-235,
imu(highres_imu),439338769,-0.011423,-0.011734,-11.329046,
gps(global_position_int),439339,473977389,85455920,488850,(VELOCITY),-83,-36,-239,
gps(global_position_int),439680,473977366,85455905,489710,(VELOCITY),-79,-35,-267,
imu(highres_imu),439703332,-0.039040,-0.025379,-10.184314,
gps(global_position_int),439703,473977364,85455904,489777,(VELOCITY),-78,-35,-268,
imu(highres_imu),439720978,-0.025648,0.028113,-10.117705,
gps(global_position_int),439721,473977363,85455903,489818,(VELOCITY),-78,-34,-269,
imu(highres_imu),439737206,0.043661,0.071780,-10.200431,
gps(global_position_int),439740,473977361,85455902,489874,(VELOCITY),-78,-34,-269,
imu(highres_imu),439759980,-0.088880,-0.032187,-10.146635,
gps(global_position_int),439760,473977360,85455901,489927,(VELOCITY),-77,-34,-270,
imu(highres_imu),439781009,0.047783,-0.026465,-10.152475,
gps(global_position_int),439784,473977359,85455900,489992,(VELOCITY),-77,-34,-270,
imu(highres_imu),439795978,0.055733,0.044730,-10.029760,
gps(global_position_int),439801,473977358,85455899,490032,(VELOCITY),-76,-34,-271,
imu(highres_imu),439821154,0.055607,0.040201,-10.095054,
gps(global_position_int),439821,473977356,85455899,490086,(VELOCITY),-76,-33,-271,
imu(highres_imu),439839979,-0.015862,0.009650,-9.995578,
gps(global_position_int),439840,473977355,85455898,490141,(VELOCITY),-75,-33,-272,
imu(highres_imu),439858479,-0.071181,0.038550,-10.058758,
gps(global_position_int),439858,473977353,85455897,490198,(VELOCITY),-75,-33,-272,
gps(global_position_int),440181,473977333,85455884,491075,(VELOCITY),-65,-30,-276,
imu(highres_imu),440200980,0.058098,-0.057903,-9.825052,
gps(global_position_int),440205,473977332,85455883,491144,(VELOCITY),-64,-29,-276,
imu(highres_imu),440222844,-0.057568,-0.047792,-9.831378,
gps(global_position_int),440223,473977331,85455882,491200,(VELOCITY),-64,-29,-276,
imu(highres_imu),440238994,0.060073,-0.066752,-9.889788,
gps(global_position_int),440245,473977329,85455882,491258,(VELOCITY),-63,-29,-276,
imu(highres_imu),440259967,-0.067163,-0.066725,-9.868454,
gps(global_position_int),440264,473977328,85455881,491308,(VELOCITY),-63,-28,-276,
imu(highres_imu),440280967,0.051106,-0.102110,-9.771488,
gps(global_position_int),440281,473977327,85455880,491350,(VELOCITY),-62,-28,-276,
imu(highres_imu),440300979,0.034634,-0.081887,-9.855678,
gps(global_position_int),440305,473977326,85455879,491422,(VELOCITY),-61,-28,-277,
imu(highres_imu),440320982,0.007441,0.043485,-9.883010,
gps(global_position_int),440325,473977325,85455879,491478,(VELOCITY),-61,-28,-277,
imu(highres_imu),440340983,-0.011836,0.010401,-9.845479,
gps(global_position_int),440344,473977323,85455878,491534,(VELOCITY),-60,-27,-277,
imu(highres_imu),440363967,0.030690,-0.037955,-9.867785,
gps(global_position_int),440364,473977322,85455877,491587,(VELOCITY),-60,-27,-277,
imu(highres_imu),440705009,-0.025947,-0.048999,-9.874532,
gps(global_position_int),440709,473977304,85455865,492559,(VELOCITY),-49,-23,-278,
imu(highres_imu),440725989,-0.027779,0.048806,-9.902898,
gps(global_position_int),440726,473977303,85455865,492605,(VELOCITY),-49,-23,-278,
imu(highres_imu),440742775,-0.012772,-0.075195,-9.828642,
gps(global_position_int),440743,473977302,85455864,492661,(VELOCITY),-48,-23,-278,
imu(highres_imu),440763978,-0.076198,0.038351,-9.797203,
gps(global_position_int),440764,473977301,85455864,492715,(VELOCITY),-48,-22,-278,
imu(highres_imu),440784980,-0.071286,0.037285,-9.930861,
gps(global_position_int),440789,473977299,85455863,492785,(VELOCITY),-47,-22,-278,
imu(highres_imu),440805003,0.007773,0.015409,-9.878011,
gps(global_position_int),440805,473977299,85455862,492830,(VELOCITY),-47,-22,-278,
imu(highres_imu),440826981,0.001403,0.014591,-9.880417,
gps(global_position_int),440830,473977297,85455861,492904,(VELOCITY),-46,-22,-278,
imu(highres_imu),440846703,-0.001714,-0.112331,-9.770575,
gps(global_position_int),440847,473977297,85455861,492954,(VELOCITY),-45,-21,-278,
imu(highres_imu),440864008,0.045861,0.046581,-9.885192,
gps(global_position_int),440869,473977296,85455860,493009,(VELOCITY),-45,-21,-278,
imu(highres_imu),441167978,0.008670,-0.087254,-9.766232,
gps(global_position_int),441168,473977283,85455852,493858,(VELOCITY),-34,-19,-279,
imu(highres_imu),441188064,0.045115,0.076070,-9.897009,
gps(global_position_int),441192,473977282,85455851,493926,(VELOCITY),-34,-18,-279,
imu(highres_imu),441210988,0.098290,-0.043352,-9.906218,
gps(global_position_int),441211,473977281,85455851,493985,(VELOCITY),-33,-18,-279,
imu(highres_imu),441226885,-0.029133,-0.061491,-9.771697,
gps(global_position_int),441234,473977280,85455850,494044,(VELOCITY),-33,-18,-279,
imu(highres_imu),441250967,-0.033613,-0.012907,-9.782880,
gps(global_position_int),441251,473977280,85455850,494086,(VELOCITY),-32,-17,-279,
imu(highres_imu),441271056,0.072153,0.018425,-9.818290,
gps(global_position_int),441271,473977279,85455849,494139,(VELOCITY),-32,-17,-279,
imu(highres_imu),441289978,0.085409,-0.033766,-9.744782,
gps(global_position_int),441293,473977278,85455848,494213,(VELOCITY),-31,-16,-279,
imu(highres_imu),441308979,0.040096,-0.021238,-9.778204,
gps(global_position_int),441312,473977277,85455848,494266,(VELOCITY),-30,-16,-279,
imu(highres_imu),441328072,-0.065328,-0.039166,-9.780443,
gps(global_position_int),441328,473977277,85455848,494309,(VELOCITY),-30,-16,-279,
imu(highres_imu),441350007,-0.055615,-0.003854,-9.784153,
gps(global_position_int),441355,473977276,85455847,494382,(VELOCITY),-30,-16,-279,
imu(highres_imu),441717005,-0.059642,0.012262,-8.639478,
gps(global_position_int),441717,473977264,85455840,495401,(VELOCITY),-23,-11,-271,
imu(highres_imu),441736980,-0.020106,0.010134,-8.434395,
gps(global_position_int),441737,473977263,85455839,495452,(VELOCITY),-22,-11,-269,
imu(highres_imu),441754046,-0.036221,0.044834,-8.368234,
gps(global_position_int),441760,473977263,85455839,495521,(VELOCITY),-22,-11,-266,
imu(highres_imu),441776979,-0.022633,-0.035166,-8.307361,
gps(global_position_int),441777,473977262,85455839,495564,(VELOCITY),-22,-11,-263,
imu(highres_imu),441796990,0.014026,0.033777,-8.208925,
gps(global_position_int),441797,473977262,85455838,495616,(VELOCITY),-21,-11,-260,
imu(highres_imu),441816008,-0.018430,-0.004024,-8.069901,
gps(global_position_int),441816,473977261,85455838,495666,(VELOCITY),-21,-11,-257,
imu(highres_imu),441835814,-0.131750,-0.000882,-8.094049,
gps(global_position_int),441840,473977260,85455837,495728,(VELOCITY),-20,-10,-253,
imu(highres_imu),441856967,0.047639,0.084414,-7.912214,
gps(global_position_int),441857,473977260,85455837,495774,(VELOCITY),-20,-10,-249,
imu(highres_imu),441876976,0.042826,-0.008992,-7.907094,
gps(global_position_int),441881,473977259,85455837,495831,(VELOCITY),-19,-10,-245,
imu(highres_imu),441895967,0.020588,-0.014407,-7.801381,
gps(global_position_int),441901,473977259,85455836,495878,(VELOCITY),-19,-10,-241,
imu(highres_imu),442283978,0.077927,0.047901,-7.776308,
gps(global_position_int),442284,473977251,85455831,496664,(VELOCITY),-9,-6,-161,
imu(highres_imu),442301012,-0.014608,-0.064591,-7.876532,
gps(global_position_int),442305,473977251,85455831,496698,(VELOCITY),-8,-6,-157,
imu(highres_imu),442321978,-0.031323,0.020707,-7.797274,
gps(global_position_int),442325,473977251,85455831,496731,(VELOCITY),-8,-5,-153,
imu(highres_imu),442343052,-0.047118,-0.070158,-7.850495,
gps(global_position_int),442343,473977250,85455831,496759,(VELOCITY),-7,-5,-149,
imu(highres_imu),442360005,0.095158,0.029301,-7.850585,
gps(global_position_int),442360,473977250,85455831,496783,(VELOCITY),-7,-5,-146,
imu(highres_imu),442380994,-0.048743,0.046544,-7.799222,
gps(global_position_int),442381,473977250,85455830,496814,(VELOCITY),-6,-5,-142,
imu(highres_imu),442405058,0.021091,0.016627,-8.008839,
gps(global_position_int),442405,473977250,85455830,496849,(VELOCITY),-6,-4,-138,
imu(highres_imu),442424001,0.050970,-0.004426,-8.097784,
gps(global_position_int),442424,473977249,85455830,496877,(VELOCITY),-5,-4,-134,
imu(highres_imu),442444037,0.032258,-0.031417,-7.978111,
gps(global_position_int),442444,473977249,85455830,496904,(VELOCITY),-5,-4,-130,
imu(highres_imu),442888976,-0.021592,-0.059014,-8.768578,
gps(global_position_int),442889,473977246,85455827,497347,(VELOCITY),0,-2,-68,
imu(highres_imu),442908020,0.043576,-0.068095,-8.780876,
gps(global_position_int),442908,473977245,85455827,497361,(VELOCITY),0,-2,-66,
imu(highres_imu),442927131,0.012193,-0.093119,-8.710572,
gps(global_position_int),442927,473977245,85455826,497375,(VELOCITY),0,-2,-64,
imu(highres_imu),442945035,-0.023484,-0.007336,-8.796248,
gps(global_position_int),442950,473977245,85455826,497388,(VELOCITY),1,-2,-62,
imu(highres_imu),442966020,-0.011060,0.038030,-8.922586,
gps(global_position_int),442970,473977245,85455826,497401,(VELOCITY),1,-2,-60,
imu(highres_imu),442985010,-0.002779,-0.018466,-8.875692,
gps(global_position_int),442990,473977245,85455826,497412,(VELOCITY),1,-2,-58,
imu(highres_imu),443009009,-0.007050,-0.081332,-8.866760,
gps(global_position_int),443009,473977245,85455826,497424,(VELOCITY),1,-2,-56,
imu(highres_imu),443029018,-0.064772,-0.070641,-8.873924,
gps(global_position_int),443029,473977245,85455826,497435,(VELOCITY),1,-2,-54,
imu(highres_imu),443048992,-0.006552,0.081976,-8.938695,
gps(global_position_int),443049,473977245,85455826,497445,(VELOCITY),2,-2,-53,
gps(global_position_int),443069,473977245,85455826,497457,(VELOCITY),2,-2,-51,
gps(global_position_int),443413,473977245,85455825,497596,(VELOCITY),5,0,-29,
imu(highres_imu),443432998,-0.032453,-0.077587,-9.313356,
gps(global_position_int),443437,473977245,85455825,497604,(VELOCITY),5,0,-28,
gps(global_position_int),443453,473977245,85455825,497608,(VELOCITY),6,0,-28,
imu(highres_imu),443472983,0.053135,-0.035301,-9.397545,
gps(global_position_int),443473,473977245,85455825,497614,(VELOCITY),6,0,-26,
imu(highres_imu),443494994,-0.029779,-0.033523,-9.375083,
gps(global_position_int),443495,473977245,85455825,497620,(VELOCITY),6,0,-26,
imu(highres_imu),443513004,0.049186,0.069122,-9.329211,
gps(global_position_int),443517,473977245,85455825,497626,(VELOCITY),6,0,-25,
imu(highres_imu),443533008,-0.046409,0.033290,-9.412082,
gps(global_position_int),443537,473977246,85455825,497631,(VELOCITY),6,0,-24,
imu(highres_imu),443551296,0.071737,-0.067667,-9.365674,
gps(global_position_int),443551,473977246,85455825,497635,(VELOCITY),6,0,-23,
imu(highres_imu),443577395,-0.031825,-0.065426,-9.413453,
gps(global_position_int),443577,473977246,85455825,497641,(VELOCITY),6,0,-22,
imu(highres_imu),443594031,0.036806,-0.090507,-9.382905,
gps(global_position_int),443597,473977246,85455824,497646,(VELOCITY),7,0,-21,
imu(highres_imu),443616978,0.033971,0.024929,-9.392612,
gps(global_position_int),443617,473977246,85455824,497650,(VELOCITY),7,0,-21,
imu(highres_imu),443937021,0.002909,-0.014848,-9.573968,
gps(global_position_int),443941,473977248,85455824,497708,(VELOCITY),8,0,-12,
imu(highres_imu),443960978,0.047830,-0.078111,-9.606215,
gps(global_position_int),443961,473977248,85455824,497711,(VELOCITY),8,0,-12,
imu(highres_imu),443982008,0.034760,-0.013655,-9.474753,
gps(global_position_int),443982,473977248,85455824,497713,(VELOCITY),8,0,-11,
imu(highres_imu),443996990,-0.081060,0.002255,-9.581008,
gps(global_position_int),444001,473977248,85455824,497716,(VELOCITY),8,0,-11,
imu(highres_imu),444019422,0.013347,-0.107733,-9.612408,
gps(global_position_int),444025,473977248,85455824,497718,(VELOCITY),9,0,-11,
imu(highres_imu),444040996,0.029849,-0.013894,-9.622578,
gps(global_position_int),444041,473977248,85455824,497720,(VELOCITY),9,0,-10,
imu(highres_imu),444060984,-0.055722,-0.036570,-9.591214,
gps(global_position_int),444061,473977249,85455824,497722,(VELOCITY),9,0,-10,
imu(highres_imu),444077067,0.005916,0.041672,-9.603694,
gps(global_position_int),444082,473977249,85455824,497724,(VELOCITY),9,0,-9,
imu(highres_imu),444100994,-0.034500,-0.011458,-9.712949,
gps(global_position_int),444101,473977249,85455824,497726,(VELOCITY),9,0,-9,
gps(global_position_int),444405,473977252,85455825,497748,(VELOCITY),10,2,-6,
imu(highres_imu),444425005,0.056805,-0.069633,-9.721360,
gps(global_position_int),444425,473977252,85455825,497749,(VELOCITY),10,2,-6,
imu(highres_imu),444444978,-0.008374,-0.102966,-9.762591,
gps(global_position_int),444445,473977252,85455825,497750,(VELOCITY),10,2,-6,
imu(highres_imu),444466999,-0.004050,0.038002,-9.592601,
gps(global_position_int),444467,473977252,85455825,497751,(VELOCITY),10,2,-5,
imu(highres_imu),444483406,-0.094172,-0.035172,-9.712307,
gps(global_position_int),444483,473977253,85455825,497752,(VELOCITY),10,2,-5,
imu(highres_imu),444504980,-0.025963,-0.096714,-9.784560,
gps(global_position_int),444505,473977253,85455826,497753,(VELOCITY),10,2,-5,
imu(highres_imu),444524998,-0.043231,-0.108818,-9.754125,
gps(global_position_int),444525,473977253,85455826,497754,(VELOCITY),10,2,-5,
imu(highres_imu),444545006,-0.011999,-0.116150,-9.745271,
gps(global_position_int),444550,473977253,85455826,497755,(VELOCITY),10,2,-5,
gps(global_position_int),444565,473977253,85455826,497756,(VELOCITY),11,2,-5,
imu(highres_imu),444587136,-0.023850,-0.062485,-9.790201,
gps(global_position_int),444587,473977254,85455826,497757,(VELOCITY),11,2,-5,
imu(highres_imu),444605005,0.099145,-0.007089,-9.760639,
imu(highres_imu),444948978,-0.042226,0.057276,-9.813869,
gps(global_position_int),444953,473977258,85455828,497768,(VELOCITY),11,3,-3,
imu(highres_imu),444968981,0.027759,-0.025359,-9.807517,
gps(global_position_int),444974,473977258,85455828,497768,(VELOCITY),12,3,-3,
imu(highres_imu),444990007,-0.034288,0.004007,-9.785785,
gps(global_position_int),444997,473977259,85455828,497769,(VELOCITY),12,3,-3,
imu(highres_imu),445012999,-0.060587,0.061677,-9.736790,
gps(global_position_int),445013,473977259,85455828,497769,(VELOCITY),12,3,-3,
imu(highres_imu),445032978,-0.033630,-0.089546,-9.829167,
gps(global_position_int),445033,473977259,85455828,497770,(VELOCITY),11,3,-3,
imu(highres_imu),445048997,0.085788,0.000147,-9.778467,
gps(global_position_int),445049,473977259,85455828,497770,(VELOCITY),12,3,-3,
imu(highres_imu),445070087,0.058582,0.079591,-9.807785,
gps(global_position_int),445073,473977260,85455828,497771,(VELOCITY),12,3,-3,
imu(highres_imu),445092981,0.025087,0.042737,-9.790751,
gps(global_position_int),445093,473977260,85455829,497772,(VELOCITY),12,3,-3,
imu(highres_imu),445107328,-0.006888,0.038700,-9.734847,
gps(global_position_int),445114,473977260,85455829,497772,(VELOCITY),12,3,-3,
imu(highres_imu),445128967,-0.080951,0.005926,-9.848156,
gps(global_position_int),445134,473977260,85455829,497773,(VELOCITY),12,3,-3,
gps(global_position_int),445457,473977265,85455831,497780,(VELOCITY),13,5,-3,
imu(highres_imu),445477031,0.116222,0.044903,-9.860144,
gps(global_position_int),445477,473977265,85455832,497780,(VELOCITY),13,5,-3,
imu(highres_imu),445497049,-0.018232,0.036137,-9.716146,
gps(global_position_int),445497,473977265,85455832,497781,(VELOCITY),13,5,-3,
imu(highres_imu),445517997,-0.058951,0.032446,-9.911194,
gps(global_position_int),445518,473977266,85455832,497781,(VELOCITY),13,5,-3,
imu(highres_imu),445533039,0.011721,-0.013371,-9.804067,
gps(global_position_int),445537,473977266,85455832,497782,(VELOCITY),13,5,-3,
imu(highres_imu),445557055,0.052380,-0.028206,-9.714720,
gps(global_position_int),445557,473977266,85455832,497782,(VELOCITY),13,5,-3,
imu(highres_imu),445576419,0.020635,-0.028877,-9.785719,
gps(global_position_int),445576,473977267,85455832,497783,(VELOCITY),13,4,-3,
imu(highres_imu),445596967,-0.027117,-0.052710,-9.828268,
gps(global_position_int),445597,473977267,85455833,497783,(VELOCITY),13,4,-3,
imu(highres_imu),445617042,-0.060535,-0.089182,-9.788434,
gps(global_position_int),445617,473977267,85455833,497784,(VELOCITY),13,4,-3,
imu(highres_imu),445636979,-0.085239,-0.055899,-9.817296,
gps(global_position_int),445637,473977268,85455833,497784,(VELOCITY),13,4,-3,
imu(highres_imu),445657007,-0.050344,0.016876,-9.856366,
imu(highres_imu),445977980,-0.066545,0.040406,-9.861210,
gps(global_position_int),445981,473977273,85455836,497790,(VELOCITY),13,5,-2,
imu(highres_imu),446000994,-0.039694,-0.036671,-9.834562,
gps(global_position_int),446001,473977273,85455836,497790,(VELOCITY),13,5,-2,
imu(highres_imu),446021007,0.004166,0.081540,-9.781013,
gps(global_position_int),446021,473977273,85455836,497790,(VELOCITY),13,5,-2,
imu(highres_imu),446040967,0.011485,-0.006976,-9.775558,
gps(global_position_int),446043,473977274,85455837,497790,(VELOCITY),13,5,-2,
imu(highres_imu),446061060,0.029920,-0.057872,-9.801921,
gps(global_position_int),446061,473977274,85455837,497790,(VELOCITY),13,5,-2,
imu(highres_imu),446080978,0.036885,0.054402,-9.804647,
gps(global_position_int),446086,473977274,85455837,497791,(VELOCITY),13,5,-2,
imu(highres_imu),446100967,0.057547,0.085263,-9.850006,
gps(global_position_int),446101,473977275,85455837,497791,(VELOCITY),13,5,-2,
imu(highres_imu),446121079,-0.005550,0.078292,-9.838263,
gps(global_position_int),446121,473977275,85455837,497791,(VELOCITY),13,5,-2,
imu(highres_imu),446140977,-0.049188,-0.067959,-9.837389,
gps(global_position_int),446145,473977275,85455838,497791,(VELOCITY),13,5,-2,
imu(highres_imu),446160980,0.119851,0.021236,-9.750870,
gps(global_position_int),446165,473977276,85455838,497791,(VELOCITY),13,5,-2,
imu(highres_imu),446485048,0.031525,-0.063041,-9.734486,
gps(global_position_int),446485,473977281,85455841,497795,(VELOCITY),13,4,-2,
imu(highres_imu),446500967,0.023611,-0.028146,-9.839396,
gps(global_position_int),446506,473977281,85455841,497795,(VELOCITY),13,4,-2,
imu(highres_imu),446520985,0.026825,-0.037078,-9.859274,
gps(global_position_int),446526,473977281,85455841,497796,(VELOCITY),13,4,-2,
imu(highres_imu),446544979,0.053794,0.053687,-9.748802,
gps(global_position_int),446545,473977282,85455842,497796,(VELOCITY),13,4,-2,
imu(highres_imu),446563346,-0.036202,-0.029157,-9.809632,
gps(global_position_int),446563,473977282,85455842,497797,(VELOCITY),13,4,-2,
imu(highres_imu),446584988,-0.037411,0.052684,-9.775902,
gps(global_position_int),446585,473977282,85455842,497797,(VELOCITY),13,4,-2,
imu(highres_imu),446604979,-0.047296,-0.047121,-9.873332,
gps(global_position_int),446605,473977283,85455842,497798,(VELOCITY),13,4,-2,
imu(highres_imu),446625022,-0.003201,0.048762,-9.878643,
gps(global_position_int),446625,473977283,85455842,497799,(VELOCITY),13,4,-2,
imu(highres_imu),446642994,0.047733,0.012345,-9.812751,
gps(global_position_int),446646,473977283,85455843,497800,(VELOCITY),13,4,-2,
imu(highres_imu),446664980,-0.069769,-0.055264,-9.829734,
gps(global_position_int),446665,473977284,85455843,497800,(VELOCITY),13,4,-2,
gps(global_position_int),446990,473977289,85455846,497809,(VELOCITY),14,4,-2,
imu(highres_imu),447010008,-0.029974,0.088209,-9.866935,
gps(global_position_int),447010,473977289,85455846,497810,(VELOCITY),14,4,-2,
imu(highres_imu),447028967,-0.060720,0.066357,-9.842650,
gps(global_position_int),447029,473977290,85455846,497810,(VELOCITY),14,4,-2,
imu(highres_imu),447048982,0.002172,-0.045993,-9.788348,
gps(global_position_int),447049,473977290,85455847,497811,(VELOCITY),14,4,-2,
imu(highres_imu),447064967,-0.029825,0.046590,-9.887823,
gps(global_position_int),447070,473977290,85455847,497811,(VELOCITY),14,4,-2,
gps(global_position_int),447089,473977291,85455847,497812,(VELOCITY),14,4,-2,
imu(highres_imu),447108977,0.034288,-0.017006,-9.798072,
gps(global_position_int),447109,473977291,85455847,497812,(VELOCITY),14,4,-2,
imu(highres_imu),447129023,-0.027994,-0.055981,-9.809484,
gps(global_position_int),447129,473977291,85455847,497813,(VELOCITY),14,4,-2,
imu(highres_imu),447149062,0.055344,-0.014570,-9.775132,
gps(global_position_int),447149,473977292,85455848,497813,(VELOCITY),14,4,-2,
imu(highres_imu),447171039,0.010472,0.015701,-9.727708,
gps(global_position_int),447171,473977292,85455848,497813,(VELOCITY),13,4,-2,
imu(highres_imu),447189012,-0.031290,0.008873,-9.834696,
gps(global_position_int),447189,473977292,85455848,497814,(VELOCITY),13,4,-2,
imu(highres_imu),447573056,-0.062432,0.057219,-9.917766,
gps(global_position_int),447573,473977299,85455853,497818,(VELOCITY),13,6,-2,
imu(highres_imu),447592980,-0.046961,-0.051191,-9.882929,
gps(global_position_int),447593,473977299,85455853,497818,(VELOCITY),13,6,-2,
imu(highres_imu),447612967,0.042821,0.016159,-9.796199,
gps(global_position_int),447617,473977299,85455853,497818,(VELOCITY),13,6,-2,
imu(highres_imu),447634007,-0.048783,-0.051366,-9.751166,
gps(global_position_int),447634,473977300,85455853,497818,(VELOCITY),14,6,-2,
imu(highres_imu),447655970,0.043037,-0.007332,-9.882221,
gps(global_position_int),447656,473977300,85455854,497818,(VELOCITY),14,6,-2,
imu(highres_imu),447672967,-0.089466,0.072938,-9.796003,
gps(global_position_int),447678,473977300,85455854,497818,(VELOCITY),14,6,-2,
imu(highres_imu),447693021,-0.022693,-0.001609,-9.768210,
gps(global_position_int),447693,473977301,85455854,497818,(VELOCITY),14,6,-2,
imu(highres_imu),447712982,-0.048114,0.030477,-9.785252,
gps(global_position_int),447713,473977301,85455854,497818,(VELOCITY),14,6,-2,
imu(highres_imu),447732994,0.006367,0.006794,-9.855990,
gps(global_position_int),447738,473977301,85455855,497818,(VELOCITY),14,6,-2,
imu(highres_imu),447753050,0.003061,-0.026060,-9.804149,
gps(global_position_int),447757,473977302,85455855,497817,(VELOCITY),14,5,-2,
imu(highres_imu),448072982,-0.032947,0.016431,-9.740640,
gps(global_position_int),448079,473977307,85455859,497818,(VELOCITY),14,4,-2,
gps(global_position_int),448098,473977307,85455859,497818,(VELOCITY),14,4,-2,
imu(highres_imu),448119950,0.014176,0.040485,-9.873478,
gps(global_position_int),448120,473977308,85455859,497818,(VELOCITY),14,4,-2,
imu(highres_imu),448137030,-0.013287,0.006881,-9.799368,
gps(global_position_int),448141,473977308,85455859,497818,(VELOCITY),13,4,-2,
imu(highres_imu),448156983,-0.034369,-0.036496,-9.829470,
gps(global_position_int),448161,473977309,85455859,497818,(VELOCITY),13,4,-2,
imu(highres_imu),448177004,-0.032013,0.055595,-9.825765,
gps(global_position_int),448181,473977309,85455860,497819,(VELOCITY),13,3,-2,
imu(highres_imu),448200978,-0.021534,-0.026500,-9.776298,
gps(global_position_int),448201,473977309,85455860,497819,(VELOCITY),13,3,-2,
imu(highres_imu),448218089,-0.035542,-0.116914,-9.826536,
gps(global_position_int),448225,473977310,85455860,497820,(VELOCITY),13,3,-2,
imu(highres_imu),448236991,-0.059341,0.042381,-9.816176,
gps(global_position_int),448242,473977310,85455860,497820,(VELOCITY),13,3,-2,
imu(highres_imu),448260979,-0.074577,-0.029661,-9.800091,
gps(global_position_int),448261,473977310,85455860,497820,(VELOCITY),13,3,-2,
imu(highres_imu),448280996,-0.099583,-0.019324,-9.896562,
gps(global_position_int),448281,473977311,85455861,497821,(VELOCITY),13,3,-2,
imu(highres_imu),448622985,-0.017019,0.038575,-9.893876,
gps(global_position_int),448623,473977316,85455864,497830,(VELOCITY),13,4,-2,
imu(highres_imu),448641205,-0.003244,0.029971,-9.810629,
gps(global_position_int),448641,473977316,85455864,497830,(VELOCITY),13,4,-2,
imu(highres_imu),448665009,0.021744,0.040651,-9.871838,
gps(global_position_int),448665,473977317,85455864,497831,(VELOCITY),12,4,-2,
imu(highres_imu),448684979,0.036696,0.093815,-9.837496,
gps(global_position_int),448685,473977317,85455865,497832,(VELOCITY),12,5,-2,
imu(highres_imu),448701994,0.067762,0.119159,-9.784124,
gps(global_position_int),448710,473977317,85455865,497833,(VELOCITY),12,5,-2,
imu(highres_imu),448724999,-0.080283,0.003791,-9.815361,
gps(global_position_int),448725,473977318,85455865,497833,(VELOCITY),12,5,-2,
imu(highres_imu),448744127,0.060488,-0.049869,-9.768992,
gps(global_position_int),448744,473977318,85455865,497834,(VELOCITY),12,5,-2,
imu(highres_imu),448764967,-0.014440,-0.064696,-9.801800,
gps(global_position_int),448765,473977318,85455865,497834,(VELOCITY),12,5,-2,
imu(highres_imu),448784967,0.010770,0.012745,-9.773118,
gps(global_position_int),448785,473977318,85455866,497835,(VELOCITY),12,5,-2,
gps(global_position_int),448805,473977319,85455866,497836,(VELOCITY),12,5,-2,
imu(highres_imu),448826048,0.052516,-0.094024,-9.802424,
imu(highres_imu),449149098,-0.045954,-0.001003,-9.806478,
gps(global_position_int),449149,473977324,85455870,497845,(VELOCITY),11,4,-1,
imu(highres_imu),449170056,0.032675,-0.052829,-9.807224,
gps(global_position_int),449170,473977324,85455870,497845,(VELOCITY),11,4,-1,
imu(highres_imu),449187994,-0.000342,-0.045698,-9.761981,
gps(global_position_int),449191,473977324,85455870,497846,(VELOCITY),11,4,-1,
imu(highres_imu),449209040,-0.028933,0.059990,-9.821321,
gps(global_position_int),449209,473977324,85455870,497846,(VELOCITY),11,4,-1,
imu(highres_imu),449228998,-0.055034,-0.033921,-9.790237,
gps(global_position_int),449234,473977325,85455870,497846,(VELOCITY),11,4,-1,
imu(highres_imu),449248978,-0.048988,0.025301,-9.809252,
gps(global_position_int),449249,473977325,85455870,497846,(VELOCITY),11,4,-1,
imu(highres_imu),449269153,-0.031277,-0.025151,-9.746605,
gps(global_position_int),449269,473977325,85455871,497847,(VELOCITY),11,4,-1,
imu(highres_imu),449285967,0.029309,0.010609,-9.852959,
gps(global_position_int),449291,473977325,85455871,497847,(VELOCITY),10,4,-1,
imu(highres_imu),449305028,0.075864,-0.025223,-9.773806,
gps(global_position_int),449312,473977326,85455871,497847,(VELOCITY),10,4,-1,
imu(highres_imu),449332701,-0.041449,0.060449,-9.794003,
gps(global_position_int),449333,473977326,85455871,497847,(VELOCITY),10,4,-1,
imu(highres_imu),449349999,0.062182,-0.090354,-9.839004,
imu(highres_imu),449653101,0.077304,-0.017401,-9.748510,
gps(global_position_int),449653,473977330,85455874,497851,(VELOCITY),10,3,-1,
imu(highres_imu),449672978,0.018318,-0.098259,-9.845813,
gps(global_position_int),449673,473977330,85455874,497851,(VELOCITY),10,3,-1,
imu(highres_imu),449692996,-0.015038,-0.067219,-9.788021,
gps(global_position_int),449693,473977331,85455874,497852,(VELOCITY),10,3,-1,
imu(highres_imu),449711049,0.075809,0.065714,-9.771141,
gps(global_position_int),449718,473977331,85455874,497853,(VELOCITY),10,3,-1,
imu(highres_imu),449733227,-0.057347,-0.039345,-9.811334,
gps(global_position_int),449733,473977331,85455874,497853,(VELOCITY),10,3,-1,
imu(highres_imu),449750981,0.007857,0.015558,-9.798741,
gps(global_position_int),449755,473977331,85455875,497853,(VELOCITY),10,3,-1,
imu(highres_imu),449773978,0.034503,-0.064727,-9.788676,
gps(global_position_int),449774,473977332,85455875,497854,(VELOCITY),10,3,-1,
imu(highres_imu),449794978,0.027062,0.013619,-9.788286,
gps(global_position_int),449795,473977332,85455875,497854,(VELOCITY),10,3,-1,
imu(highres_imu),449811054,0.005444,-0.051570,-9.789245,
gps(global_position_int),449815,473977332,85455875,497855,(VELOCITY),10,3,-1,
imu(highres_imu),449836719,-0.038641,-0.026133,-9.788341,
gps(global_position_int),449837,473977332,85455875,497856,(VELOCITY),9,3,-1,
imu(highres_imu),450175967,-0.019473,-0.006778,-9.741687,
gps(global_position_int),450176,473977336,85455877,497860,(VELOCITY),9,3,-1,
imu(highres_imu),450193980,0.036300,0.047090,-9.864328,
gps(global_position_int),450197,473977336,85455877,497860,(VELOCITY),9,3,-1,
imu(highres_imu),450214017,0.002562,0.011001,-9.865378,
gps(global_position_int),450217,473977336,85455878,497860,(VELOCITY),9,3,-1,
imu(highres_imu),450237997,-0.079898,0.001019,-9.823407,
gps(global_position_int),450238,473977336,85455878,497861,(VELOCITY),8,3,-1,
imu(highres_imu),450256994,-0.055215,-0.012692,-9.770921,
gps(global_position_int),450257,473977337,85455878,497861,(VELOCITY),8,3,-1,
imu(highres_imu),450276996,0.017177,-0.058369,-9.888640,
gps(global_position_int),450277,473977337,85455878,497860,(VELOCITY),8,3,-1,
imu(highres_imu),450298049,-0.024666,-0.027422,-9.819586,
gps(global_position_int),450298,473977337,85455878,497860,(VELOCITY),8,3,-1,
imu(highres_imu),450317967,0.054246,-0.043789,-9.831482,
gps(global_position_int),450318,473977337,85455878,497860,(VELOCITY),8,3,-1,
imu(highres_imu),450335980,0.009065,-0.032209,-9.776391,
gps(global_position_int),450336,473977337,85455878,497860,(VELOCITY),8,3,-1,
imu(highres_imu),450357679,0.010434,0.042908,-9.929226,
gps(global_position_int),450358,473977338,85455878,497860,(VELOCITY),8,3,-1,
imu(highres_imu),450697996,0.010379,-0.034838,-9.853457,
gps(global_position_int),450698,473977341,85455880,497862,(VELOCITY),7,2,-1,
imu(highres_imu),450714981,-0.019145,0.007583,-9.795781,
gps(global_position_int),450720,473977341,85455880,497862,(VELOCITY),7,2,-1,
imu(highres_imu),450734982,0.032256,0.001888,-9.904310,
gps(global_position_int),450742,473977341,85455880,497862,(VELOCITY),7,2,-1,
imu(highres_imu),450758004,-0.069207,-0.041478,-9.856165,
gps(global_position_int),450758,473977341,85455880,497863,(VELOCITY),7,2,-1,
imu(highres_imu),450777977,0.061130,0.067156,-9.773284,
gps(global_position_int),450778,473977341,85455880,497863,(VELOCITY),7,2,-1,
imu(highres_imu),450797982,-0.032187,-0.070704,-9.829760,
gps(global_position_int),450798,473977341,85455880,497863,(VELOCITY),7,2,-1,
imu(highres_imu),450818032,0.057855,0.011467,-9.762156,
gps(global_position_int),450818,473977342,85455880,497863,(VELOCITY),7,2,-1,
imu(highres_imu),451196989,0.029201,-0.069215,-9.796946,
gps(global_position_int),451200,473977345,85455881,497868,(VELOCITY),6,2,-1,
imu(highres_imu),451218053,0.087081,-0.019063,-9.873980,
gps(global_position_int),451218,473977345,85455881,497868,(VELOCITY),6,2,-1,
imu(highres_imu),451236978,-0.024922,-0.031397,-9.898303,
gps(global_position_int),451242,473977345,85455881,497869,(VELOCITY),6,2,-1,
imu(highres_imu),451257978,-0.008116,-0.027469,-9.789552,
gps(global_position_int),451262,473977345,85455881,497869,(VELOCITY),6,2,-1,
imu(highres_imu),451277005,-0.132314,-0.054860,-9.884180,
gps(global_position_int),451280,473977345,85455881,497869,(VELOCITY),6,2,-1,
imu(highres_imu),451297997,-0.058822,0.000185,-9.784972,
gps(global_position_int),451302,473977345,85455881,497870,(VELOCITY),6,2,-1,
imu(highres_imu),451318008,-0.008672,-0.061371,-9.811817,
gps(global_position_int),451318,473977345,85455881,497870,(VELOCITY),6,2,-1,
imu(highres_imu),451338979,-0.088127,0.019310,-9.895715,
gps(global_position_int),451339,473977346,85455881,497870,(VELOCITY),6,2,-1,
imu(highres_imu),451356998,-0.045081,-0.039342,-9.723459,
gps(global_position_int),451361,473977346,85455881,497870,(VELOCITY),6,2,-1,
imu(highres_imu),451377594,-0.005679,0.012462,-9.831647,
gps(global_position_int),451380,473977346,85455881,497870,(VELOCITY),6,2,-1,
imu(highres_imu),451761980,0.022967,-0.007741,-9.834162,
gps(global_position_int),451762,473977348,85455881,497876,(VELOCITY),5,1,-1,
imu(highres_imu),451781997,0.093268,-0.004508,-9.767064,
gps(global_position_int),451785,473977348,85455881,497876,(VELOCITY),5,1,-1,
imu(highres_imu),451800976,0.016622,-0.086798,-9.788734,
gps(global_position_int),451801,473977348,85455881,497876,(VELOCITY),5,1,-1,
imu(highres_imu),451821995,-0.017199,-0.029497,-9.883985,
gps(global_position_int),451822,473977349,85455881,497876,(VELOCITY),5,1,-1,
imu(highres_imu),451842007,-0.082710,-0.035020,-9.758595,
gps(global_position_int),451842,473977349,85455881,497876,(VELOCITY),5,1,-1,
imu(highres_imu),451860490,0.036927,0.047682,-9.851419,
gps(global_position_int),451860,473977349,85455881,497877,(VELOCITY),5,1,-1,
imu(highres_imu),451878980,-0.015318,0.026889,-9.796093,
gps(global_position_int),451879,473977349,85455881,497877,(VELOCITY),5,1,-1,
imu(highres_imu),451902047,-0.031952,-0.041976,-9.708097,
gps(global_position_int),451906,473977349,85455881,497877,(VELOCITY),5,1,-1,
imu(highres_imu),451921994,-0.059416,-0.106128,-9.855883,
gps(global_position_int),451922,473977349,85455881,497877,(VELOCITY),5,1,-1,
imu(highres_imu),452265978,-0.061356,-0.080975,-9.798987,
gps(global_position_int),452266,473977351,85455880,497881,(VELOCITY),5,0,-1,
imu(highres_imu),452285995,0.010494,-0.055456,-9.762784,
gps(global_position_int),452286,473977351,85455880,497881,(VELOCITY),5,0,-1,
imu(highres_imu),452306016,0.029862,-0.009179,-9.738379,
gps(global_position_int),452306,473977352,85455880,497881,(VELOCITY),5,0,-1,
imu(highres_imu),452322101,-0.102629,0.038613,-9.859140,
gps(global_position_int),452330,473977352,85455880,497881,(VELOCITY),5,0,-1,
imu(highres_imu),452341980,-0.021606,-0.010978,-9.792480,
gps(global_position_int),452346,473977352,85455880,497881,(VELOCITY),5,0,-1,
imu(highres_imu),452365980,-0.037848,0.021389,-9.808758,
gps(global_position_int),452366,473977352,85455880,497882,(VELOCITY),5,0,-1,
imu(highres_imu),452380297,-0.066779,0.019970,-9.789686,
gps(global_position_int),452386,473977352,85455880,497882,(VELOCITY),5,0,-1,
imu(highres_imu),452407085,0.055946,0.003992,-9.836718,
gps(global_position_int),452407,473977352,85455880,497882,(VELOCITY),5,0,-1,
imu(highres_imu),452422092,0.017210,0.000292,-9.840074,
gps(global_position_int),452428,473977352,85455880,497882,(VELOCITY),5,0,-1,
imu(highres_imu),452441998,-0.076132,-0.007284,-9.830071,
gps(global_position_int),452450,473977352,85455880,497882,(VELOCITY),5,0,-1,
imu(highres_imu),452885996,0.017564,-0.000627,-9.823553,
gps(global_position_int),452886,473977355,85455879,497887,(VELOCITY),4,0,-1,
imu(highres_imu),452904178,0.015774,-0.003893,-9.778867,
gps(global_position_int),452910,473977355,85455878,497887,(VELOCITY),4,0,-1,
imu(highres_imu),452925989,0.023298,-0.069259,-9.789187,
gps(global_position_int),452926,473977355,85455878,497887,(VELOCITY),4,0,-1,
imu(highres_imu),452946044,-0.047864,-0.089190,-9.796160,
gps(global_position_int),452950,473977355,85455878,497887,(VELOCITY),4,0,-1,
imu(highres_imu),452965979,-0.102692,-0.005785,-9.801509,
gps(global_position_int),452971,473977356,85455878,497887,(VELOCITY),4,0,-1,
imu(highres_imu),452985978,-0.017704,-0.002733,-9.840141,
gps(global_position_int),452991,473977356,85455878,497887,(VELOCITY),4,0,-1,
imu(highres_imu),453006978,-0.015930,-0.081093,-9.847942,
gps(global_position_int),453007,473977356,85455878,497887,(VELOCITY),4,0,0,
imu(highres_imu),453026981,-0.066511,-0.112248,-9.808523,
gps(global_position_int),453030,473977356,85455878,497888,(VELOCITY),4,0,-1,
imu(highres_imu),453045994,-0.037072,-0.017292,-9.750948,
gps(global_position_int),453050,473977356,85455878,497888,(VELOCITY),4,0,-1,
imu(highres_imu),453066016,-0.034506,-0.085892,-9.813946,
gps(global_position_int),453071,473977356,85455878,497888,(VELOCITY),4,0,-1,
imu(highres_imu),453429976,0.049366,-0.036853,-9.800940,
gps(global_position_int),453430,473977358,85455877,497892,(VELOCITY),0,0,-1,
imu(highres_imu),453450047,-0.010962,0.026591,-9.787388,
gps(global_position_int),453450,473977358,85455877,497893,(VELOCITY),0,0,0,
imu(highres_imu),453466005,0.117087,0.000874,-9.786445,
gps(global_position_int),453471,473977358,85455877,497893,(VELOCITY),-2,0,0,
imu(highres_imu),453489967,0.004800,-0.042914,-9.731983,
gps(global_position_int),453490,473977358,85455877,497893,(VELOCITY),-4,0,0,
imu(highres_imu),453506009,0.042722,0.017392,-9.778193,
gps(global_position_int),453511,473977358,85455877,497893,(VELOCITY),-6,-1,0,
imu(highres_imu),453528233,0.094437,-0.024363,-9.791708,
gps(global_position_int),453528,473977358,85455877,497893,(VELOCITY),-9,-1,0,
imu(highres_imu),453549996,0.013142,0.036423,-9.790527,
gps(global_position_int),453550,473977358,85455877,497893,(VELOCITY),-13,-2,0,
imu(highres_imu),453569980,0.059285,-0.011918,-9.862647,
gps(global_position_int),453570,473977357,85455877,497894,(VELOCITY),-17,-3,0,
imu(highres_imu),453590967,0.011779,-0.006407,-9.751677,
gps(global_position_int),453591,473977357,85455877,497894,(VELOCITY),-21,-4,0,
imu(highres_imu),453610999,0.062629,0.045660,-9.714658,
gps(global_position_int),453611,473977357,85455876,497893,(VELOCITY),-27,-5,1,
imu(highres_imu),453628051,0.062542,0.048375,-9.794972,
gps(global_position_int),453633,473977356,85455876,497893,(VELOCITY),-34,-6,2,
imu(highres_imu),453650967,0.061444,-0.044579,-9.771663,
gps(global_position_int),453651,473977356,85455876,497892,(VELOCITY),-39,-7,3,
imu(highres_imu),453670967,-0.058994,0.001684,-9.759063,
gps(global_position_int),453671,473977355,85455876,497891,(VELOCITY),-45,-9,5,
imu(highres_imu),453691978,0.116404,0.022085,-9.812550,
gps(global_position_int),453692,473977354,85455875,497890,(VELOCITY),-53,-10,6,
imu(highres_imu),453710967,0.115446,-0.004940,-9.836654,
gps(global_position_int),453711,473977353,85455875,497889,(VELOCITY),-61,-12,8,
imu(highres_imu),453729102,0.098820,0.005992,-9.705832,
gps(global_position_int),453732,473977352,85455875,497886,(VELOCITY),-72,-14,11,
imu(highres_imu),453749979,0.075838,-0.046800,-9.826858,
gps(global_position_int),453755,473977350,85455874,497883,(VELOCITY),-82,-16,14,
imu(highres_imu),453770978,0.065501,-0.016510,-9.809482,
gps(global_position_int),453771,473977349,85455874,497881,(VELOCITY),-91,-18,17,
imu(highres_imu),453789693,0.032665,0.046859,-9.894862,
gps(global_position_int),453794,473977347,85455873,497876,(VELOCITY),-105,-20,21,
imu(highres_imu),453809976,0.140528,-0.018213,-9.743299,
gps(global_position_int),453814,473977345,85455873,497871,(VELOCITY),-117,-23,26,
imu(highres_imu),453832005,0.152504,-0.017901,-9.788379,
gps(global_position_int),453832,473977343,85455872,497866,(VELOCITY),-129,-25,31,
imu(highres_imu),453850053,0.046359,0.044737,-9.798383,
gps(global_position_int),453850,473977341,85455871,497860,(VELOCITY),-141,-27,36,
imu(highres_imu),453870997,0.045623,-0.022660,-0.822959,
gps(global_position_int),453874,473977338,85455870,497849,(VELOCITY),-149,-29,53,
imu(highres_imu),453892966,0.011581,-0.017894,0.020955,
gps(global_position_int),453893,473977335,85455870,497836,(VELOCITY),-149,-29,73,
imu(highres_imu),453910978,0.072943,-0.047612,0.096914,
gps(global_position_int),453911,473977334,85455869,497824,(VELOCITY),-149,-29,87,
imu(highres_imu),453930981,0.026522,0.071417,-0.028276,
gps(global_position_int),453934,473977330,85455868,497799,(VELOCITY),-149,-29,112,
imu(highres_imu),453949967,0.054339,0.040435,0.000380,
gps(global_position_int),453950,473977329,85455867,497784,(VELOCITY),-149,-28,125,
imu(highres_imu),453971006,0.051766,0.023232,0.015603,
gps(global_position_int),453971,473977326,85455867,497754,(VELOCITY),-149,-28,146,
