imu(highres_imu),32693049,-0.032845,1.143597,-10.013368,
imu(highres_imu),32729049,-0.021569,1.125528,-10.010778,
imu(highres_imu),32765049,-0.027678,1.143629,-9.992335,
imu(highres_imu),32801049,-0.030042,1.106586,-10.014640,
imu(highres_imu),32833050,-0.017710,1.125087,-10.006100,
imu(highres_imu),32869849,-0.042349,1.136448,-10.045012,
imu(highres_imu),32905849,-0.014343,1.107533,-9.974270,
imu(highres_imu),32937849,-0.021503,1.137897,-9.979048,
imu(highres_imu),32975471,-0.032446,1.147852,-10.004679,
imu(highres_imu),33011449,-0.025806,1.130219,-10.016584,
imu(highres_imu),33043449,-0.014918,1.131705,-10.020326,
imu(highres_imu),33079449,-0.033392,1.143190,-9.984258,
imu(highres_imu),33115462,-0.035317,1.153067,-9.992842,
imu(highres_imu),33151449,-0.037084,1.145470,-9.982844,
imu(highres_imu),33183449,-0.024418,1.138317,-10.006490,
imu(highres_imu),33219449,-0.043323,1.136000,-9.972404,
imu(highres_imu),33259449,-0.033281,1.132245,-10.003684,
imu(highres_imu),33291451,-0.033816,1.136885,-9.982733,
imu(highres_imu),33327449,-0.025302,1.149284,-9.996130,
imu(highres_imu),33365062,-0.019633,1.150724,-10.057357,
imu(highres_imu),33401049,-0.041035,1.134085,-10.004249,
imu(highres_imu),33433056,-0.032830,1.150654,-9.986695,
imu(highres_imu),33469057,-0.019648,1.138370,-10.015564,
imu(highres_imu),33505049,-0.017238,1.126999,-9.997087,
imu(highres_imu),33541049,-0.029090,1.136954,-9.986135,
imu(highres_imu),33577079,-0.048025,1.128018,-10.016156,
imu(highres_imu),33613049,-0.000111,1.123617,-9.957596,
imu(highres_imu),33649049,-0.040080,1.150753,-9.982766,
imu(highres_imu),33685057,-0.029583,1.133662,-9.971342,
imu(highres_imu),33717849,-0.026745,1.124070,-10.011156,
imu(highres_imu),33753849,0.008374,1.152604,-10.024602,
imu(highres_imu),33789849,-0.052810,1.127935,-9.981420,
imu(highres_imu),33821849,-0.034311,1.148809,-10.017962,
imu(highres_imu),33857849,-0.012017,1.130781,-9.984268,
imu(highres_imu),33893849,-0.025791,1.138381,-9.972889,
imu(highres_imu),33929873,-0.019641,1.121315,-10.006618,
imu(highres_imu),33965849,-0.033364,1.150232,-10.036945,
imu(highres_imu),33998649,-0.062305,1.126058,-9.984263,
imu(highres_imu),34071468,-0.049038,1.135498,-9.967203,
imu(highres_imu),34107449,-0.037057,1.152158,-10.002230,
imu(highres_imu),34139449,-0.012961,1.167754,-9.997587,
imu(highres_imu),34175449,-0.036537,1.145900,-9.964481,
imu(highres_imu),34211449,-0.031465,1.136474,-9.936335,
imu(highres_imu),34247449,-0.033356,1.130811,-10.004680,
imu(highres_imu),34283449,-0.035238,1.138320,-9.970826,
imu(highres_imu),34319449,-0.043339,1.102838,-10.028749,
imu(highres_imu),34351449,-0.040023,1.096159,-9.995210,
imu(highres_imu),34387498,-0.027728,1.132820,-10.023061,
imu(highres_imu),34423449,-0.036196,1.147866,-9.975290,
imu(highres_imu),34459449,-0.060399,1.126069,-9.997997,
imu(highres_imu),34495463,-0.045698,1.129393,-10.063041,
imu(highres_imu),34529081,-0.012519,1.147507,-10.006501,
imu(highres_imu),34565849,-0.032832,1.159246,-10.006629,
imu(highres_imu),34597849,-0.042274,1.143797,-10.023627,
imu(highres_imu),34633849,-0.020555,1.117096,-10.017476,
imu(highres_imu),34669872,-0.037179,1.163947,-9.983392,
imu(highres_imu),34705849,-0.036207,1.100416,-10.019860,
imu(highres_imu),34742649,-0.042374,1.174901,-9.987123,
imu(highres_imu),34774649,-0.048057,1.157952,-9.957536,
imu(highres_imu),34814649,-0.020087,1.136463,-10.003733,
imu(highres_imu),34846649,-0.030018,1.184879,-10.003237,
imu(highres_imu),34882649,-0.027192,1.085708,-10.062113,
imu(highres_imu),34918649,-0.024824,1.181544,-9.956266,
imu(highres_imu),34954689,-0.023412,1.103810,-10.006014,
imu(highres_imu),34986668,0.008887,1.152271,-10.009328,
imu(highres_imu),35022649,-0.039054,1.116677,-9.999341,
imu(highres_imu),35058649,-0.039038,1.163367,-10.022316,
imu(highres_imu),35094649,-0.017187,1.078611,-10.054963,
imu(highres_imu),35130649,-0.035740,1.184877,-9.948684,
imu(highres_imu),35162649,-0.023406,1.132704,-10.027425,
imu(highres_imu),35199449,-0.031623,1.173716,-10.001905,
imu(highres_imu),35236249,-0.043340,1.096998,-10.025072,
imu(highres_imu),35272249,-0.037183,1.155581,-10.016564,
imu(highres_imu),35304249,-0.031465,1.078595,-10.021758,
imu(highres_imu),35344249,-0.064111,1.087902,-9.999420,
imu(highres_imu),35376249,-0.019623,1.105887,-10.034145,
imu(highres_imu),35412249,-0.054192,1.132616,-10.034640,
imu(highres_imu),35484256,-0.032906,1.097075,-10.051198,
imu(highres_imu),35520249,-0.035745,1.152220,-10.010820,
imu(highres_imu),35553049,-0.005861,1.081823,-10.003262,
imu(highres_imu),35589049,-0.037963,1.135625,-10.002931,
imu(highres_imu),35625051,-0.026248,1.204796,-9.941549,
imu(highres_imu),35661049,-0.031879,1.071712,-10.019051,
imu(highres_imu),35697049,-0.033315,1.135282,-10.020886,
imu(highres_imu),35733049,-0.012018,1.196655,-9.966275,
imu(highres_imu),35765058,-0.029034,1.155716,-9.968721,
imu(highres_imu),35801062,-0.025310,1.171139,-9.966758,
imu(highres_imu),35837063,-0.025323,1.097258,-10.018339,
imu(highres_imu),35869849,-0.037589,1.218202,-9.968528,
imu(highres_imu),35906649,-0.039529,1.161144,-10.032199,
imu(highres_imu),35942649,-0.039985,1.083351,-9.989457,
imu(highres_imu),35978649,-0.030074,1.193979,-9.995147,
imu(highres_imu),36014649,-0.034311,1.165200,-9.983878,
imu(highres_imu),36046689,-0.040885,1.157644,-9.979786,
imu(highres_imu),36082649,-0.022066,1.181274,-9.976720,
imu(highres_imu),36118649,-0.010595,1.075748,-10.026031,
imu(highres_imu),36154649,-0.040466,1.131615,-10.009455,
imu(highres_imu),36186649,-0.017235,1.107535,-10.037894,
imu(highres_imu),36222649,-0.039529,1.082390,-10.000877,
imu(highres_imu),36258653,-0.022403,1.208130,-9.979568,
imu(highres_imu),36294649,-0.004903,1.134431,-9.983874,
imu(highres_imu),36330649,-0.052810,1.084288,-10.002302,
imu(highres_imu),36363449,-0.002451,1.160504,-9.960388,
imu(highres_imu),36403449,-0.024814,1.166920,-9.972410,
imu(highres_imu),36439449,-0.038123,1.085718,-10.010848,
imu(highres_imu),36471449,-0.015812,1.196725,-9.993284,
imu(highres_imu),36507473,-0.037558,1.105409,-9.990266,
imu(highres_imu),36543449,-0.022851,1.076503,-10.010945,
imu(highres_imu),36579449,-0.038580,1.189135,-9.968607,
imu(highres_imu),36611449,-0.003361,1.085830,-10.061950,
imu(highres_imu),36647449,-0.013915,1.170632,-10.030300,
imu(highres_imu),36683449,-0.026254,1.195288,-9.975716,
imu(highres_imu),36719449,-0.051451,1.085391,-10.014208,
imu(highres_imu),36755449,-0.019607,1.080967,-10.037894,
imu(highres_imu),36787449,-0.012986,1.123480,-9.987618,
imu(highres_imu),36825050,-0.027190,1.056749,-10.022245,
imu(highres_imu),36897050,-0.012966,1.195774,-9.965761,
imu(highres_imu),36933049,-0.033328,1.100723,-9.989202,
imu(highres_imu),36969049,-0.033868,1.086281,-10.034721,
imu(highres_imu),37005062,-0.014381,1.195434,-10.012727,
imu(highres_imu),37037049,-0.045179,1.060109,-10.006614,
imu(highres_imu),37073049,-0.028724,1.142356,-10.019283,
imu(highres_imu),37109049,-0.027670,1.197800,-9.999883,
imu(highres_imu),37145049,-0.030516,1.088558,-10.039318,
imu(highres_imu),37177849,-0.034309,1.187246,-9.985208,
imu(highres_imu),37213851,-0.015812,1.186778,-9.999919,
imu(highres_imu),37249849,-0.040525,1.052368,-9.998543,
imu(highres_imu),37285849,-0.009171,1.164001,-10.016060,
imu(highres_imu),37317849,-0.067998,1.115562,-10.011346,
imu(highres_imu),37353849,-0.020081,1.108009,-10.021757,
imu(highres_imu),37393849,-0.030969,1.080238,-9.997899,
imu(highres_imu),37425849,0.002006,1.158664,-9.977564,
imu(highres_imu),37461849,-0.037132,1.078094,-9.973157,
imu(highres_imu),37497849,-0.026517,1.123616,-10.016454,
imu(highres_imu),37533849,-0.022423,1.172571,-9.974304,
imu(highres_imu),37569849,-0.029568,1.116074,-9.997081,
imu(highres_imu),37605849,-0.041920,1.079190,-10.008451,
imu(highres_imu),37634649,-0.030991,1.085244,-10.007051,
imu(highres_imu),37675449,-0.030981,1.054450,-10.000371,
imu(highres_imu),37707449,-0.029564,1.202448,-9.996993,
imu(highres_imu),37743486,-0.031872,1.120747,-10.014050,
imu(highres_imu),37779471,-0.014410,1.063898,-10.046441,
imu(highres_imu),37815449,-0.017257,1.151303,-10.030236,
imu(highres_imu),37847460,-0.041395,1.062308,-10.029021,
imu(highres_imu),37883449,-0.043796,1.097581,-10.001823,
imu(highres_imu),37919449,-0.021029,1.195768,-9.993286,
imu(highres_imu),37955449,-0.045711,1.144774,-10.004296,
imu(highres_imu),37993050,-0.039054,1.074333,-10.044060,
imu(highres_imu),38029849,-0.026215,1.073925,-10.013754,
imu(highres_imu),38061896,-0.037626,1.148046,-9.952276,
imu(highres_imu),38097849,-0.059886,1.070230,-10.045653,
imu(highres_imu),38133849,-0.014373,1.128812,-10.034624,
imu(highres_imu),38169871,-0.033357,1.206683,-9.979489,
imu(highres_imu),38202649,-0.015022,1.085948,-10.017724,
imu(highres_imu),38239449,-0.019574,1.170262,-10.049752,
imu(highres_imu),38307449,-0.032862,1.113197,-10.033388,
imu(highres_imu),38343449,-0.023412,1.192440,-9.991818,
imu(highres_imu),38379449,-0.028123,1.132558,-10.009945,
imu(highres_imu),38415485,-0.002569,1.072937,-10.023845,
imu(highres_imu),38451449,-0.022021,1.160430,-9.985067,
imu(highres_imu),38487449,-0.021043,1.187169,-10.006584,
imu(highres_imu),38523449,-0.027664,1.098604,-9.985645,
imu(highres_imu),38556249,-0.041426,1.176813,-10.034051,
imu(highres_imu),38593049,-0.016286,1.188186,-9.962437,
imu(highres_imu),38629049,-0.036205,1.087574,-10.042186,
imu(highres_imu),38661075,-0.036701,1.207092,-9.991471,
imu(highres_imu),38701060,-0.031483,1.194295,-9.951100,
imu(highres_imu),38733056,-0.029564,1.078095,-10.010833,
imu(highres_imu),38773050,-0.024825,1.065310,-10.036469,
imu(highres_imu),38805057,-0.017706,1.175911,-9.951528,
imu(highres_imu),38841058,-0.023863,1.082465,-10.009351,
imu(highres_imu),38877049,-0.041933,1.104363,-10.029319,
imu(highres_imu),38909882,-0.032394,1.157177,-9.984633,
imu(highres_imu),38945849,-0.025299,1.085336,-10.065392,
imu(highres_imu),38981849,-0.020081,1.168260,-10.033623,
imu(highres_imu),39017849,-0.020529,1.203328,-9.979444,
imu(highres_imu),39053889,-0.037157,1.096559,-9.991745,
imu(highres_imu),39085849,-0.025303,1.208657,-9.993260,
imu(highres_imu),39121849,-0.021445,1.144309,-9.992454,
imu(highres_imu),39157849,-0.032391,1.086812,-10.014143,
imu(highres_imu),39193849,-0.020081,1.142700,-10.030272,
imu(highres_imu),39229849,-0.015812,1.193013,-9.975771,
imu(highres_imu),39261849,-0.025754,1.138040,-10.058254,
imu(highres_imu),39297849,0.002687,1.198149,-9.974300,
imu(highres_imu),39333868,-0.042305,1.165233,-10.013604,
imu(highres_imu),39370649,-0.031437,1.094739,-9.999496,
imu(highres_imu),39406685,-0.038598,1.115299,-9.999177,
imu(highres_imu),39438649,-0.032869,1.107568,-9.984575,
imu(highres_imu),39474685,-0.048086,1.084662,-10.015058,
imu(highres_imu),39510649,-0.014453,1.186789,-10.006068,
imu(highres_imu),39546649,-0.031924,1.192581,-9.973808,
imu(highres_imu),39582688,-0.046552,1.078861,-10.037354,
imu(highres_imu),39618649,-0.049891,1.149168,-10.030046,
imu(highres_imu),39654649,-0.014389,1.207637,-9.956741,
imu(highres_imu),39758649,-0.020563,1.159184,-9.995176,
imu(highres_imu),39794649,-0.026828,1.064837,-10.028088,
imu(highres_imu),39828249,-0.034045,1.221663,-9.972641,
imu(highres_imu),39864249,-0.038956,1.140575,-9.977093,
imu(highres_imu),39900249,-0.037631,1.087609,-10.070164,
imu(highres_imu),39936249,-0.029140,1.142246,-10.059834,
imu(highres_imu),39968249,-0.047125,1.102762,-9.990458,
imu(highres_imu),40004249,-0.030987,1.099012,-9.991860,
imu(highres_imu),40040297,-0.038614,1.182952,-10.018193,
imu(highres_imu),40076249,-0.036687,1.149221,-10.040300,
imu(highres_imu),40112286,-0.014489,1.082521,-10.045221,
imu(highres_imu),40148262,-0.033772,1.148485,-9.991274,
imu(highres_imu),40181867,-0.013414,1.123140,-9.985267,
imu(highres_imu),40217849,-0.012456,1.081916,-10.039792,
imu(highres_imu),40253849,-0.016748,1.153613,-9.976761,
imu(highres_imu),40289849,-0.031939,1.186261,-9.983751,
imu(highres_imu),40321849,-0.040002,1.083818,-10.006092,
imu(highres_imu),40357849,-0.020113,1.213540,-9.973183,
imu(highres_imu),40393849,-0.036243,1.139616,-9.979891,
imu(highres_imu),40429849,-0.028619,1.077646,-10.035995,
imu(highres_imu),40461849,-0.002058,1.171166,-9.972867,
imu(highres_imu),40497888,-0.033892,1.075331,-10.010267,
imu(highres_imu),40534651,-0.011080,1.090309,-10.007971,
imu(highres_imu),40570649,-0.013915,1.191981,-9.963386,
imu(highres_imu),40606649,-0.039042,1.183341,-10.026060,
imu(highres_imu),40642649,-0.022436,1.109107,-10.056319,
imu(highres_imu),40678649,-0.037632,1.125555,-10.015116,
imu(highres_imu),40714649,-0.041422,1.154037,-10.008943,
imu(highres_imu),40746657,-0.017715,1.114605,-10.012749,
imu(highres_imu),40782649,-0.030516,1.198623,-9.970979,
imu(highres_imu),40818649,-0.051430,1.151485,-9.996650,
imu(highres_imu),40854665,-0.043237,1.062126,-10.012745,
imu(highres_imu),40886649,-0.031923,1.206592,-9.988112,
imu(highres_imu),40922649,-0.035247,1.089532,-10.047372,
imu(highres_imu),40958649,-0.021030,1.098046,-10.024132,
imu(highres_imu),40991449,-0.023971,1.151883,-10.001484,
imu(highres_imu),41027448,-0.038573,1.083843,-10.073525,
imu(highres_imu),41063462,-0.030019,1.112639,-10.008992,
imu(highres_imu),41135449,-0.033362,1.108009,-9.988064,
imu(highres_imu),41171449,-0.037143,1.065397,-10.000474,
imu(highres_imu),41207449,-0.047580,1.186750,-10.012217,
imu(highres_imu),41243449,-0.039529,1.178698,-9.982368,
imu(highres_imu),41279449,-0.026636,1.078440,-9.976726,
imu(highres_imu),41311449,-0.010595,1.177749,-9.973828,
imu(highres_imu),41347449,-0.023419,1.093053,-10.005238,
imu(highres_imu),41383449,-0.021034,1.073595,-10.043658,
imu(highres_imu),41419481,-0.020047,1.184974,-10.001925,
imu(highres_imu),41453049,-0.052810,1.104214,-10.004200,
imu(highres_imu),41493049,-0.042358,1.085084,-10.002542,
imu(highres_imu),41525049,-0.001112,1.186282,-9.958186,
imu(highres_imu),41561055,-0.037592,1.151248,-10.011602,
imu(highres_imu),41597049,-0.056130,1.064837,-10.000877,
imu(highres_imu),41633049,-0.018658,1.165888,-9.994708,
imu(highres_imu),41665049,-0.045683,1.085219,-10.036020,
imu(highres_imu),41701049,-0.009172,1.088558,-10.036469,
imu(highres_imu),41737049,-0.024779,1.182210,-9.978969,
imu(highres_imu),41773049,-0.047118,1.150707,-10.019859,
imu(highres_imu),41809875,-0.027168,1.077720,-10.007403,
imu(highres_imu),41841849,-0.048067,1.204791,-10.027928,
imu(highres_imu),41877849,-0.037201,1.112855,-10.001804,
imu(highres_imu),41913849,-0.052823,1.093506,-10.039880,
imu(highres_imu),41949856,-0.031455,1.183871,-10.004215,
imu(highres_imu),41985849,-0.042536,1.184680,-9.972762,
imu(highres_imu),42017849,-0.032890,1.152150,-10.004662,
imu(highres_imu),42053849,-0.033389,1.196690,-9.995164,
imu(highres_imu),42089849,-0.035744,1.095785,-9.993242,
imu(highres_imu),42125849,-0.017235,1.081966,-10.009886,
imu(highres_imu),42161885,-0.027678,1.181811,-10.010517,
imu(highres_imu),42193878,-0.034366,1.047853,-10.048260,
imu(highres_imu),42229849,-0.045320,1.157323,-10.056217,
imu(highres_imu),42263449,-0.022013,1.119814,-10.025679,
imu(highres_imu),42303451,-0.039092,1.177373,-10.010868,
imu(highres_imu),42339449,-0.045695,1.079544,-10.030301,
imu(highres_imu),42371449,-0.034311,1.186288,-9.997555,
imu(highres_imu),42407449,-0.042849,1.090930,-10.028877,
imu(highres_imu),42443449,-0.010595,1.088793,-10.004950,
imu(highres_imu),42479449,-0.014942,1.191428,-9.989910,
imu(highres_imu),42547449,-0.024349,1.147351,-9.964828,
imu(highres_imu),42583449,-0.030580,1.209449,-9.997966,
imu(highres_imu),42620249,-0.061348,1.113181,-10.012415,
imu(highres_imu),42652279,-0.024388,1.181885,-9.986242,
imu(highres_imu),42688249,-0.038136,1.151137,-9.962209,
imu(highres_imu),42724249,-0.040477,1.075274,-10.044538,
imu(highres_imu),42760249,-0.029093,1.178223,-10.032199,
imu(highres_imu),42796249,-0.026226,1.192553,-9.992490,
imu(highres_imu),42832250,-0.030990,1.112292,-10.017010,
imu(highres_imu),42864249,-0.029568,1.204316,-9.982368,
imu(highres_imu),42900250,-0.022925,1.168282,-9.986157,
imu(highres_imu),42936249,-0.025286,1.077628,-10.015118,
imu(highres_imu),42972249,-0.029571,1.139721,-10.015125,
imu(highres_imu),43008286,-0.003954,1.202514,-9.990720,
imu(highres_imu),43044249,-0.032509,1.110642,-10.009135,
imu(highres_imu),43081049,-0.040477,1.069581,-10.028878,
imu(highres_imu),43113049,-0.014825,1.199360,-10.001699,
imu(highres_imu),43149069,-0.012036,1.065904,-10.026443,
imu(highres_imu),43185049,-0.028130,1.160795,-9.995609,
imu(highres_imu),43221049,-0.018545,1.139794,-10.021771,
imu(highres_imu),43257083,-0.037689,1.153399,-9.976447,
imu(highres_imu),43293049,-0.000668,1.093690,-10.057809,
imu(highres_imu),43329049,-0.005852,1.144066,-10.028870,
imu(highres_imu),43361049,-0.047589,1.147848,-10.059258,
imu(highres_imu),43401049,-0.018205,1.111323,-9.990889,
imu(highres_imu),43433049,-0.010592,1.145017,-10.025065,
imu(highres_imu),43469049,-0.013440,1.136474,-10.032674,
imu(highres_imu),43505049,-0.014389,1.144065,-10.009432,
imu(highres_imu),43537849,-0.047604,1.121287,-9.998943,
imu(highres_imu),43573849,-0.056605,1.146437,-10.004199,
imu(highres_imu),43609849,0.014065,1.167791,-10.010891,
imu(highres_imu),43645849,-0.022927,1.125562,-10.003251,
imu(highres_imu),43677849,-0.031456,1.149248,-10.015380,
imu(highres_imu),43713849,-0.052336,1.146437,-9.997555,
imu(highres_imu),43749849,-0.004398,1.135597,-10.030631,
imu(highres_imu),43785849,-0.044752,1.118000,-10.024504,
imu(highres_imu),43821881,-0.038606,1.122245,-10.020831,
imu(highres_imu),43853849,-0.037157,1.160195,-10.013216,
imu(highres_imu),43889857,-0.057550,1.138345,-9.971904,
imu(highres_imu),43959485,-0.027692,1.167337,-10.012264,
imu(highres_imu),43995449,-0.010170,1.132254,-10.021934,
imu(highres_imu),44035449,-0.017708,1.131729,-10.005151,
imu(highres_imu),44067449,-0.055171,1.135021,-10.031694,
imu(highres_imu),44104249,-0.011069,1.137897,-10.001352,
imu(highres_imu),44140249,-0.019164,1.135966,-9.991929,
imu(highres_imu),44176249,-0.017731,1.129379,-10.015100,
imu(highres_imu),44209049,-0.028066,1.150356,-9.991286,
imu(highres_imu),44245087,-0.024337,1.162102,-10.015151,
imu(highres_imu),44281049,-0.028880,1.117567,-9.999736,
imu(highres_imu),44317049,-0.029093,1.111330,-10.017057,
imu(highres_imu),44353049,-0.031948,1.134094,-9.993293,
imu(highres_imu),44389049,-0.012015,1.117973,-10.034089,
imu(highres_imu),44421051,-0.056131,1.126984,-10.007997,
imu(highres_imu),44457849,-0.043323,1.133153,-10.006573,
imu(highres_imu),44493849,-0.003005,1.126511,-10.008471,
imu(highres_imu),44527449,-0.017709,1.130781,-10.018436,
imu(highres_imu),44564276,-0.039529,1.118950,-10.028844,
imu(highres_imu),44600249,-0.011080,1.124112,-10.030798,
imu(highres_imu),44632249,-0.037221,1.134619,-9.987589,
imu(highres_imu),44668249,-0.045221,1.121767,-10.018730,
imu(highres_imu),44704249,-0.000650,1.135003,-9.995231,
imu(highres_imu),44740249,-0.016286,1.139795,-9.988064,
imu(highres_imu),44776249,-0.040952,1.133153,-10.025081,
imu(highres_imu),44813056,-0.044235,1.142135,-9.994741,
imu(highres_imu),44849058,-0.012352,1.141641,-10.033144,
imu(highres_imu),44885056,-0.021961,1.136455,-10.004158,
imu(highres_imu),44917076,-0.004446,1.140318,-9.999445,
imu(highres_imu),44949049,-0.013940,1.137448,-9.999425,
imu(highres_imu),44989849,-0.012954,1.132667,-10.025099,
imu(highres_imu),45021849,-0.024355,1.133635,-10.041265,
imu(highres_imu),45055450,-0.021917,1.144557,-10.006663,
imu(highres_imu),45091449,-0.020029,1.145028,-10.022602,
imu(highres_imu),45127462,-0.025782,1.127455,-10.021334,
imu(highres_imu),45164249,-0.021045,1.154502,-10.029336,
imu(highres_imu),45200250,-0.050438,1.146436,-10.032672,
imu(highres_imu),45232249,-0.019132,1.133153,-10.039317,
imu(highres_imu),45268249,-0.031465,1.139321,-10.027928,
imu(highres_imu),45305849,-0.022938,1.127946,-10.024700,
imu(highres_imu),45377849,-0.021012,1.107567,-10.034112,
imu(highres_imu),45413849,-0.012004,1.149202,-10.025515,
imu(highres_imu),45445849,-0.003954,1.136474,-10.010843,
imu(highres_imu),45481849,-0.026715,1.125075,-10.042184,
imu(highres_imu),45517865,-0.039982,1.129379,-10.010916,
imu(highres_imu),45549849,-0.037642,1.153079,-9.998979,
imu(highres_imu),45587449,-0.037540,1.142893,-9.985257,
imu(highres_imu),45623449,-0.023876,1.116549,-10.020809,
imu(highres_imu),45655449,-0.024828,1.155896,-9.986254,
imu(highres_imu),45691449,-0.031923,1.118430,-10.005560,
imu(highres_imu),45727449,-0.025351,1.127384,-9.992282,
imu(highres_imu),45763449,-0.039529,1.138394,-10.021268,
imu(highres_imu),45796249,-0.033995,1.125481,-9.995578,
imu(highres_imu),45836249,-0.033837,1.126511,-9.997555,
imu(highres_imu),45872249,-0.015820,1.113696,-10.029777,
imu(highres_imu),45904249,-0.047097,1.144506,-10.000933,
imu(highres_imu),45941049,-0.026247,1.133153,-9.984742,
imu(highres_imu),45977048,-0.034794,1.118948,-10.029343,
imu(highres_imu),46013049,-0.052790,1.136464,-10.000428,
imu(highres_imu),46049049,-0.029093,1.137423,-9.985692,
imu(highres_imu),46081050,-0.016592,1.135444,-10.002316,
imu(highres_imu),46117086,-0.025749,1.136034,-10.022626,
imu(highres_imu),46153050,-0.015811,1.135372,-10.005127,
imu(highres_imu),46189049,-0.004904,1.131255,-10.013690,
imu(highres_imu),46225057,-0.030056,1.125080,-10.020772,
imu(highres_imu),46261085,-0.020170,1.156395,-10.014679,
imu(highres_imu),46297049,-0.002100,1.122804,-10.018846,
imu(highres_imu),46326649,-0.029110,1.141218,-9.988105,
imu(highres_imu),46366649,-0.032426,1.137419,-9.994231,
imu(highres_imu),46402649,-0.030042,1.130340,-9.992834,
imu(highres_imu),46434649,-0.026722,1.120818,-10.011792,
imu(highres_imu),46470649,-0.009193,1.128375,-10.018408,
imu(highres_imu),46506649,-0.025299,1.130307,-9.992810,
imu(highres_imu),46542649,-0.012067,1.129857,-10.015115,
imu(highres_imu),46578649,-0.013875,1.134634,-10.025580,
imu(highres_imu),46610649,-0.030526,1.122714,-10.030756,
imu(highres_imu),46646649,-0.026247,1.132679,-10.001352,
imu(highres_imu),46682649,-0.031325,1.129358,-9.985566,
imu(highres_imu),46718649,-0.033871,1.181082,-9.973349,
imu(highres_imu),46823493,-0.018627,1.120813,-10.015625,
imu(highres_imu),46859449,-0.023518,1.136891,-10.033119,
imu(highres_imu),46895449,-0.014389,1.144539,-10.017488,
imu(highres_imu),46928248,-0.035274,1.103727,-10.009400,
imu(highres_imu),46965069,-0.045303,1.139320,-9.989488,
imu(highres_imu),47002649,-0.033857,1.135005,-10.009437,
imu(highres_imu),47034649,-0.030577,1.157807,-10.002318,
imu(highres_imu),47070649,-0.022038,1.128320,-10.025999,
imu(highres_imu),47106649,-0.045233,1.116033,-9.982353,
imu(highres_imu),47142649,-0.033819,1.136491,-10.028386,
imu(highres_imu),47174649,-0.019605,1.143594,-9.992341,
imu(highres_imu),47210649,-0.036683,1.130781,-10.001352,
imu(highres_imu),47246649,-0.037157,1.131256,-10.017962,
imu(highres_imu),47282649,-0.015331,1.146441,-10.039329,
imu(highres_imu),47319489,-0.024101,1.131469,-9.986936,
imu(highres_imu),47355466,-0.027659,1.127449,-10.002269,
imu(highres_imu),47391449,-0.004918,1.144084,-9.978076,
imu(highres_imu),47427449,-0.026254,1.138855,-10.015104,
imu(highres_imu),47459449,-0.045195,1.118459,-10.018841,
imu(highres_imu),47495449,-0.018184,1.136946,-10.018439,
imu(highres_imu),47532249,-0.031919,1.122716,-9.991489,
imu(highres_imu),47568249,-0.053284,1.117487,-9.995179,
imu(highres_imu),47600249,-0.040003,1.126511,-9.986641,
imu(highres_imu),47636249,-0.033362,1.153553,-10.026030,
imu(highres_imu),47669049,-0.038578,1.148814,-9.999004,
imu(highres_imu),47705850,-0.027714,1.129877,-9.983356,
imu(highres_imu),47742649,-0.018647,1.127909,-10.011263,
imu(highres_imu),47778649,-0.012017,1.141693,-10.011318,
imu(highres_imu),47814649,-0.003972,1.124139,-10.027964,
imu(highres_imu),47850649,-0.030985,1.154497,-10.012782,
imu(highres_imu),47886656,-0.002068,1.115157,-9.999453,
imu(highres_imu),47919448,-0.017234,1.143592,-10.005148,
imu(highres_imu),47955449,-0.021499,1.133618,-9.998490,
imu(highres_imu),47991485,-0.022434,1.112604,-10.038404,
imu(highres_imu),48023449,-0.016739,1.137400,-10.010317,
imu(highres_imu),48059449,-0.027196,1.135934,-10.034638,
imu(highres_imu),48095465,-0.041819,1.140729,-9.993724,
imu(highres_imu),48131449,-0.034246,1.162541,-9.999018,
imu(highres_imu),48200249,-0.049015,1.135550,-10.019387,
imu(highres_imu),48237099,-0.049568,1.134576,-9.980008,
imu(highres_imu),48273049,-0.031955,1.162108,-10.035030,
imu(highres_imu),48309049,-0.026722,1.137423,-10.044063,
imu(highres_imu),48345049,-0.013915,1.114651,-10.025556,
imu(highres_imu),48381049,-0.042358,1.147402,-9.999479,
imu(highres_imu),48417049,-0.012017,1.140744,-9.996606,
imu(highres_imu),48449049,-0.028582,1.124611,-10.012719,
imu(highres_imu),48485049,-0.052810,1.140744,-9.989962,
imu(highres_imu),48521049,-0.038086,1.129813,-10.014641,
imu(highres_imu),48557049,-0.031480,1.114060,-10.018432,
imu(highres_imu),48593073,-0.041372,1.146437,-10.003687,
imu(highres_imu),48625049,-0.039529,1.141693,-10.010368,
imu(highres_imu),48661049,-0.040476,1.137898,-10.008944,
imu(highres_imu),48697079,-0.029487,1.141693,-9.996681,
imu(highres_imu),48733849,-0.017306,1.141171,-10.023134,
imu(highres_imu),48765849,-0.038121,1.111289,-10.000775,
imu(highres_imu),48801860,-0.037928,1.126996,-10.002392,
imu(highres_imu),48837849,-0.026722,1.127464,-9.999924,
imu(highres_imu),48870649,-0.012972,1.138852,-9.999917,
imu(highres_imu),48910649,-0.020539,1.140736,-9.958132,
imu(highres_imu),48944249,-0.017710,1.112753,-9.990435,
imu(highres_imu),48980249,-0.026247,1.162144,-10.005165,
imu(highres_imu),49016289,-0.008768,1.131711,-10.020767,
imu(highres_imu),49048249,-0.019651,1.129807,-9.966441,
imu(highres_imu),49088249,-0.035781,1.128864,-10.017056,
imu(highres_imu),49121049,-0.055151,1.139843,-10.014251,
imu(highres_imu),49157049,-0.039052,1.147861,-10.020813,
imu(highres_imu),49193049,-0.033952,1.121767,-10.010391,
imu(highres_imu),49229049,-0.018658,1.117023,-9.972878,
imu(highres_imu),49262649,-0.022007,1.136445,-10.011318,
imu(highres_imu),49298649,-0.023883,1.140742,-10.015120,
imu(highres_imu),49334649,-0.046648,1.136020,-10.038868,
imu(highres_imu),49370649,-0.041884,1.140270,-10.018389,
imu(highres_imu),49402676,-0.019605,1.153993,-9.976224,
imu(highres_imu),49438649,-0.056130,1.134138,-10.026048,
imu(highres_imu),49474662,-0.042382,1.137427,-10.006591,
imu(highres_imu),49510649,-0.046140,1.137392,-10.015577,
imu(highres_imu),49546649,-0.047592,1.144065,-9.985216,
imu(highres_imu),49648249,-0.024359,1.115606,-9.999003,
imu(highres_imu),49684249,-0.039530,1.145491,-10.013208,
imu(highres_imu),49720249,-0.040039,1.130853,-9.987336,
imu(highres_imu),49756248,-0.048993,1.130709,-9.996613,
imu(highres_imu),49792249,-0.020075,1.127977,-9.988605,
imu(highres_imu),49824249,-0.023790,1.128388,-10.013195,
imu(highres_imu),49864249,-0.053745,1.105662,-10.024099,
imu(highres_imu),49897849,-0.024877,1.107730,-9.992299,
imu(highres_imu),49933849,-0.041440,1.134102,-9.999020,
imu(highres_imu),49969849,-0.031959,1.140761,-9.969558,
imu(highres_imu),50005849,-0.032888,1.126037,-9.987114,
imu(highres_imu),50037849,-0.033836,1.151181,-10.000886,
imu(highres_imu),50074694,-0.040990,1.159266,-10.011847,
imu(highres_imu),50110649,-0.036179,1.118120,-10.003607,
imu(highres_imu),50142649,-0.034788,1.122685,-10.009510,
imu(highres_imu),50179449,-0.025288,1.117185,-10.002312,
imu(highres_imu),50216249,-0.042849,1.144538,-10.020843,
imu(highres_imu),50253049,-0.030478,1.140228,-9.999420,
imu(highres_imu),50289099,-0.012533,1.146544,-10.024999,
imu(highres_imu),50321049,-0.039526,1.139318,-10.023186,
imu(highres_imu),50357055,-0.018200,1.142163,-10.016054,
imu(highres_imu),50393049,-0.026720,1.124602,-10.022224,
imu(highres_imu),50429849,-0.057553,1.127483,-10.010436,
imu(highres_imu),50461849,-0.032893,1.128884,-10.007521,
imu(highres_imu),50497870,-0.033364,1.137445,-10.023641,
imu(highres_imu),50533849,-0.028632,1.133140,-9.989936,
imu(highres_imu),50569849,-0.033364,1.126039,-9.981895,
imu(highres_imu),50601849,-0.028634,1.142626,-9.993277,
imu(highres_imu),50637849,-0.031939,1.144065,-10.040741,
imu(highres_imu),50673849,-0.023901,1.151142,-10.022198,
imu(highres_imu),50709849,-0.001158,1.137877,-10.001826,
imu(highres_imu),50745849,-0.035734,1.119885,-9.989978,
imu(highres_imu),50779449,-0.039137,1.151181,-10.000732,
imu(highres_imu),50815449,-0.028678,1.134577,-10.024203,
imu(highres_imu),50851449,-0.029073,1.137885,-10.021763,
imu(highres_imu),50887449,-0.008688,1.126039,-10.034106,
imu(highres_imu),50923449,-0.008703,1.141221,-10.020805,
imu(highres_imu),50959449,-0.019600,1.134594,-9.996600,
imu(highres_imu),51063449,-0.025773,1.145014,-10.022233,
imu(highres_imu),51100248,-0.034390,1.132994,-10.006255,
imu(highres_imu),51133849,-0.035333,1.124720,-10.030827,
imu(highres_imu),51169849,-0.011096,1.148265,-9.976551,
imu(highres_imu),51205849,-0.022927,1.142167,-10.032199,
imu(highres_imu),51241849,-0.025757,1.145513,-9.959156,
imu(highres_imu),51278658,-0.007283,1.129370,-9.990420,
imu(highres_imu),51308249,-0.034390,1.142850,-10.006722,
imu(highres_imu),51348249,-0.016794,1.149741,-10.011318,
imu(highres_imu),51380249,-0.045308,1.161586,-9.998908,
imu(highres_imu),51416249,-0.034259,1.115125,-10.010635,
imu(highres_imu),51452285,-0.041329,1.123689,-9.994062,
imu(highres_imu),51488249,-0.021511,1.145038,-10.005533,
imu(highres_imu),51525049,-0.030516,1.167779,-9.990447,
imu(highres_imu),51558649,-0.015798,1.145279,-10.015337,
imu(highres_imu),51595449,-0.019604,1.128414,-10.026094,
imu(highres_imu),51631449,-0.068463,1.157349,-10.011316,
imu(highres_imu),51663449,-0.036230,1.143582,-10.008509,
imu(highres_imu),51699449,-0.021979,1.123165,-9.992818,
imu(highres_imu),51735449,-0.045700,1.104686,-10.022710,
imu(highres_imu),51771486,0.006413,1.115176,-9.995699,
imu(highres_imu),51805086,-0.046198,1.142494,-10.024823,
imu(highres_imu),51845049,-0.048541,1.154975,-10.014164,
imu(highres_imu),51877072,-0.025741,1.147867,-10.023789,
imu(highres_imu),51913049,-0.027196,1.148282,-9.999888,
imu(highres_imu),51949049,-0.044272,1.113228,-10.018436,
imu(highres_imu),51985088,-0.081304,1.153085,-10.013159,
imu(highres_imu),52021049,-0.026722,1.129832,-9.973351,
imu(highres_imu),52053049,-0.012781,1.157326,-10.001919,
imu(highres_imu),52089049,0.003635,1.171581,-9.969556,
imu(highres_imu),52125049,-0.021422,1.131773,-9.988968,
imu(highres_imu),52157885,0.015427,1.145599,-9.986037,
imu(highres_imu),52194659,-0.034724,1.160212,-9.954002,
imu(highres_imu),52230649,-0.047076,1.152147,-10.002800,
imu(highres_imu),52266649,-0.030991,1.114177,-9.993759,
imu(highres_imu),52298649,-0.043197,1.138364,-10.013247,
imu(highres_imu),52334662,-0.008713,1.138909,-10.017027,
imu(highres_imu),52370649,-0.008223,1.141693,-9.972878,
imu(highres_imu),52474649,-0.002057,1.128883,-10.053555,
imu(highres_imu),52512249,-0.038576,1.139545,-9.996426,
imu(highres_imu),52548249,-0.030948,1.083856,-10.043703,
imu(highres_imu),52584286,-0.020184,1.177297,-9.993761,
imu(highres_imu),52616249,-0.040947,1.162601,-9.983305,
imu(highres_imu),52656249,0.002212,1.166363,-9.989013,
imu(highres_imu),52688249,-0.045203,1.170673,-9.986656,
imu(highres_imu),52724249,-0.040964,1.107530,-10.046900,
imu(highres_imu),52760249,-0.020969,1.181150,-9.996152,
imu(highres_imu),52796285,-0.015274,1.115282,-10.046846,
imu(highres_imu),52832249,-0.025771,1.183985,-9.955360,
imu(highres_imu),52869049,-0.035734,1.101259,-10.028587,
imu(highres_imu),52901049,-0.026821,1.174725,-10.038287,
imu(highres_imu),52937049,-0.010125,1.097542,-10.015139,
imu(highres_imu),52973049,-0.016287,1.182494,-9.961011,
imu(highres_imu),53009049,-0.054707,1.086660,-10.041699,
imu(highres_imu),53045049,-0.032415,1.138386,-9.993762,
imu(highres_imu),53081049,-0.046169,1.145014,-10.025556,
imu(highres_imu),53113049,-0.044759,1.165842,-9.959163,
imu(highres_imu),53149069,-0.022430,1.130054,-10.039224,
imu(highres_imu),53185055,-0.020099,1.105189,-10.003735,
imu(highres_imu),53221049,-0.044272,1.172056,-9.988064,
imu(highres_imu),53257077,0.006514,1.078399,-10.053519,
imu(highres_imu),53289049,-0.025780,1.156881,-9.987608,
imu(highres_imu),53326649,-0.023862,1.112136,-9.997209,
imu(highres_imu),53358649,-0.026265,1.192507,-9.970047,
imu(highres_imu),53394649,-0.026805,1.130614,-10.001548,
imu(highres_imu),53430649,-0.030042,1.125098,-9.996599,
imu(highres_imu),53466649,-0.045215,1.197195,-10.021774,
imu(highres_imu),53502649,-0.018148,1.081517,-10.025045,
imu(highres_imu),53534649,-0.023843,1.200516,-9.994239,
imu(highres_imu),53570649,-0.039059,1.090671,-10.047011,
imu(highres_imu),53606698,-0.029518,1.091341,-10.031736,
imu(highres_imu),53643449,-0.046148,1.191974,-9.997570,
imu(highres_imu),53679449,-0.054707,1.116074,-10.025081,
imu(highres_imu),53715449,-0.042849,1.075755,-10.004668,
imu(highres_imu),53747449,-0.030509,1.160629,-9.977171,
imu(highres_imu),53783459,-0.022453,1.076695,-10.045480,
imu(highres_imu),53891449,-0.024804,1.081379,-10.017596,
imu(highres_imu),53927449,-0.015812,1.163990,-10.017488,
imu(highres_imu),53959449,-0.022448,1.058928,-10.061994,
imu(highres_imu),53995449,-0.022956,1.120951,-10.034021,
imu(highres_imu),54031449,-0.015811,1.191523,-9.978562,
imu(highres_imu),54067449,-0.046644,1.108483,-9.980945,
imu(highres_imu),54104249,-0.045695,1.085711,-10.032199,
imu(highres_imu),54141049,0.001221,1.113990,-10.040572,
imu(highres_imu),54177050,-0.034785,1.214439,-10.009562,
imu(highres_imu),54209049,-0.041409,1.082590,-10.028710,
imu(highres_imu),54245049,-0.024277,1.189463,-10.007155,
imu(highres_imu),54281049,-0.021054,1.149584,-9.980452,
imu(highres_imu),54317062,-0.043828,1.074317,-10.043049,
imu(highres_imu),54353049,-0.029568,1.158297,-9.993283,
imu(highres_imu),54385049,-0.048541,1.076714,-10.022217,
imu(highres_imu),54421083,-0.029552,1.084423,-10.067901,
imu(highres_imu),54457849,-0.015313,1.173907,-10.032259,
imu(highres_imu),54490649,-0.034311,1.062325,-10.030162,
imu(highres_imu),54526678,-0.009168,1.119583,-10.012263,
imu(highres_imu),54558649,-0.019626,1.128295,-10.009476,
imu(highres_imu),54594649,-0.021419,1.091079,-10.034225,
imu(highres_imu),54630667,-0.021497,1.206715,-9.968610,
imu(highres_imu),54666649,-0.022984,1.165698,-10.008073,
imu(highres_imu),54702649,-0.049490,1.075274,-10.044538,
imu(highres_imu),54738649,-0.017709,1.128050,-9.994670,
imu(highres_imu),54774649,-0.031348,1.203869,-10.014292,
imu(highres_imu),54811473,-0.026270,1.113911,-10.006534,
imu(highres_imu),54843449,-0.016761,1.171107,-10.000877,
imu(highres_imu),54879476,-0.044263,1.196320,-9.962869,
imu(highres_imu),54915449,-0.004933,1.084238,-10.044835,
imu(highres_imu),54951449,-0.002531,1.124614,-10.046911,
imu(highres_imu),54983452,-0.002130,1.130443,-9.978867,
imu(highres_imu),55019452,-0.021981,1.075743,-10.011318,
imu(highres_imu),55055449,-0.015320,1.164115,-9.995147,
imu(highres_imu),55091449,-0.010564,1.198201,-9.963332,
imu(highres_imu),55127461,-0.010137,1.106218,-9.993191,
imu(highres_imu),55159449,-0.022003,1.213280,-9.974302,
imu(highres_imu),55199449,-0.029616,1.210708,-9.953357,
imu(highres_imu),55269076,-0.042363,1.123708,-10.013235,
imu(highres_imu),55305049,-0.025773,1.198630,-10.003690,
imu(highres_imu),55341849,-0.020099,1.167205,-9.982867,
imu(highres_imu),55373849,-0.011983,1.177579,-10.029898,
imu(highres_imu),55409849,-0.021978,1.204316,-9.975726,
imu(highres_imu),55445849,-0.056613,1.123167,-9.983800,
imu(highres_imu),55482649,-0.019771,1.071999,-10.036341,
imu(highres_imu),55514649,-0.024848,1.158131,-9.975772,
imu(highres_imu),55550649,-0.056605,1.090930,-10.034098,
imu(highres_imu),55586649,-0.048540,1.121219,-10.011194,
imu(highres_imu),55622649,-0.024305,1.191557,-9.987161,
imu(highres_imu),55654649,-0.014735,1.088985,-10.055367,
imu(highres_imu),55690649,-0.020081,1.167311,-10.009419,
imu(highres_imu),55726686,-0.007309,1.192110,-9.967133,
imu(highres_imu),55762649,-0.028619,1.090455,-10.041691,
imu(highres_imu),55798649,-0.013915,1.123665,-10.043590,
imu(highres_imu),55834649,-0.020555,1.210159,-9.975630,
imu(highres_imu),55870689,-0.030530,1.147828,-10.007534,
imu(highres_imu),55906649,-0.025709,1.054986,-9.986166,
imu(highres_imu),55939449,-0.047461,1.198195,-9.995145,
imu(highres_imu),55976249,-0.042378,1.122188,-9.991400,
imu(highres_imu),56008249,-0.022971,1.167961,-10.042055,
imu(highres_imu),56048249,-0.045695,1.192456,-10.041217,
imu(highres_imu),56080249,-0.025301,1.087160,-10.001358,
imu(highres_imu),56116249,-0.037157,1.089907,-10.007092,
imu(highres_imu),56152258,-0.014418,1.204760,-10.006535,
imu(highres_imu),56184273,-0.028674,1.075755,-10.016509,
imu(highres_imu),56220249,-0.021961,1.178401,-10.001702,
imu(highres_imu),56256249,-0.012492,1.169209,-9.997556,
imu(highres_imu),56293048,-0.035216,1.125592,-10.015769,
imu(highres_imu),56329049,-0.045732,1.054017,-10.010369,
imu(highres_imu),56365049,-0.003480,1.185339,-9.970030,
imu(highres_imu),56401049,-0.024894,1.174289,-9.981872,
imu(highres_imu),56437049,-0.037705,1.095381,-10.021385,
imu(highres_imu),56469049,-0.042849,1.204791,-10.031249,
imu(highres_imu),56505049,-0.035726,1.113793,-9.997485,
imu(highres_imu),56541070,-0.023411,1.074666,-10.030751,
imu(highres_imu),56577049,-0.011586,1.155361,-9.987936,
imu(highres_imu),56609049,-0.042358,1.061841,-10.004724,
imu(highres_imu),56721049,-0.032413,1.213809,-10.014643,
imu(highres_imu),56750649,-0.020555,1.147014,-10.018866,
imu(highres_imu),56786649,-0.027196,1.212381,-9.965758,
imu(highres_imu),56822649,-0.038580,1.118921,-10.012742,
imu(highres_imu),56858649,-0.017235,1.084769,-10.054026,
imu(highres_imu),56894649,-0.013914,1.178209,-9.984748,
imu(highres_imu),56930649,-0.034786,1.173703,-9.962888,
imu(highres_imu),56966649,-0.041453,1.094768,-10.023640,
imu(highres_imu),56998667,-0.031003,1.182788,-9.985788,
imu(highres_imu),57034649,-0.023864,1.128812,-10.019766,
imu(highres_imu),57070649,-0.010093,1.065209,-10.048762,
imu(highres_imu),57107449,-0.034785,1.175052,-10.000853,
imu(highres_imu),57139471,-0.030973,1.097735,-9.992234,
imu(highres_imu),57175449,-0.007164,1.111858,-10.017094,
imu(highres_imu),57211449,-0.012018,1.207160,-10.001820,
imu(highres_imu),57247487,-0.019190,1.163846,-9.994646,
imu(highres_imu),57279449,-0.021968,1.158337,-10.053037,
imu(highres_imu),57315492,-0.021526,1.200629,-9.996602,
imu(highres_imu),57387449,-0.047592,1.095200,-10.029827,
imu(highres_imu),57423449,-0.035754,1.212058,-9.980877,
imu(highres_imu),57459449,-0.018658,1.147386,-9.990436,
imu(highres_imu),57495449,-0.021030,1.083814,-10.026978,
imu(highres_imu),57531449,-0.027188,1.141713,-9.998497,
imu(highres_imu),57564249,-0.026249,1.119386,-9.988541,
imu(highres_imu),57600249,-0.022445,1.071128,-10.024575,
imu(highres_imu),57636249,-0.031014,1.191910,-10.014948,
imu(highres_imu),57672249,-0.026157,1.177494,-10.011291,
imu(highres_imu),57708248,-0.029579,1.086178,-10.032210,
imu(highres_imu),57740248,-0.023877,1.209061,-9.960058,
imu(highres_imu),57776257,-0.047591,1.133030,-10.003506,
imu(highres_imu),57812249,-0.033362,1.064837,-10.045012,
imu(highres_imu),57844249,-0.031465,1.153068,-10.020813,
imu(highres_imu),57884250,0.003656,1.205327,-10.094400,
imu(highres_imu),57916249,-0.061811,1.119960,-9.958145,
imu(highres_imu),57952249,0.006956,1.157823,-10.017014,
imu(highres_imu),57988249,-0.023458,1.191782,-9.965801,
imu(highres_imu),58025049,-0.079772,1.044250,-10.044714,
imu(highres_imu),58097049,-0.055621,1.146857,-10.017359,
imu(highres_imu),58133049,-0.054262,1.120331,-9.997716,
imu(highres_imu),58165049,-0.044781,1.237663,-10.022657,
imu(highres_imu),58201051,-0.035251,1.141234,-9.997553,
imu(highres_imu),58237087,0.016030,1.045344,-10.041200,
imu(highres_imu),58273085,-0.058481,1.128342,-10.031030,
imu(highres_imu),58305049,-0.055182,1.117023,-10.024607,
imu(highres_imu),58341849,-0.001129,1.065843,-10.022684,
imu(highres_imu),58375449,-0.037108,1.231005,-9.999982,
imu(highres_imu),58411498,-0.064393,1.107370,-9.998038,
imu(highres_imu),58447449,-0.015797,1.068719,-10.014630,
imu(highres_imu),58483449,0.000789,1.186763,-10.028402,
imu(highres_imu),58519463,-0.021522,1.219983,-9.999963,
imu(highres_imu),58555449,0.002217,1.091400,-10.035517,
imu(highres_imu),58591449,-0.024350,1.079069,-10.050708,
imu(highres_imu),58627449,-0.024867,1.195185,-10.011623,
imu(highres_imu),58659485,-0.036743,1.068217,-10.033623,
imu(highres_imu),58696249,-0.033996,1.150272,-10.021234,
imu(highres_imu),58732248,-0.033364,1.201488,-9.968142,
imu(highres_imu),58764249,-0.032444,1.085478,-10.012354,
imu(highres_imu),58800249,-0.073688,1.203840,-9.981421,
imu(highres_imu),58836249,-0.027775,1.129071,-9.987218,
imu(highres_imu),58872249,-0.021017,1.097584,-10.034614,
imu(highres_imu),58908249,-0.045695,1.153553,-9.982843,
imu(highres_imu),58940249,-0.031485,1.095882,-10.005489,
imu(highres_imu),58976251,-0.017239,1.074789,-10.011318,
imu(highres_imu),59012285,-0.057066,1.220245,-10.000958,
imu(highres_imu),59048248,-0.032850,1.169558,-9.996658,
imu(highres_imu),59084261,0.004071,1.052111,-10.033057,
imu(highres_imu),59116249,-0.014392,1.201470,-10.002772,
imu(highres_imu),59152258,-0.040477,1.104523,-10.031688,
imu(highres_imu),59193049,-0.033370,1.114677,-9.933975,
imu(highres_imu),59225056,-0.006334,1.172937,-10.040292,
imu(highres_imu),59261056,-0.013498,1.237968,-10.022689,
imu(highres_imu),59297049,-0.035929,1.081004,-10.012062,
imu(highres_imu),59333049,-0.020555,1.064362,-10.018911,
imu(highres_imu),59365086,-0.047164,1.129236,-9.986948,
imu(highres_imu),59401058,-0.043362,1.093425,-10.051290,
imu(highres_imu),59437049,-0.008206,1.163781,-9.991712,
imu(highres_imu),59509054,-0.019610,1.097030,-10.036042,
imu(highres_imu),59545049,-0.035734,1.090455,-10.067793,
imu(highres_imu),59581049,-0.013440,1.193404,-9.987114,
imu(highres_imu),59613849,-0.009480,1.097009,-10.041448,
imu(highres_imu),59646649,-0.024350,1.213786,-9.948195,
imu(highres_imu),59682649,-0.039054,1.124139,-10.025081,
imu(highres_imu),59722649,-0.058502,1.132204,-10.018911,
imu(highres_imu),59755449,-0.042379,1.136995,-10.043194,
imu(highres_imu),59791475,-0.017667,1.177883,-9.983471,
imu(highres_imu),59827449,-0.023362,1.114910,-10.036705,
imu(highres_imu),59860249,-0.023387,1.163269,-10.040125,
imu(highres_imu),59896250,-0.025226,1.175504,-9.961887,
imu(highres_imu),59932251,-0.024826,1.071484,-10.044057,
imu(highres_imu),59968249,-0.009190,1.133685,-10.064469,
imu(highres_imu),60004249,-0.028103,1.218262,-10.025036,
imu(highres_imu),60036252,-0.033305,1.062693,-10.030787,
imu(highres_imu),60072249,-0.023425,1.185144,-10.007868,
imu(highres_imu),60112249,-0.032414,1.170625,-10.017963,
imu(highres_imu),60144249,-0.029621,1.081870,-9.960642,
imu(highres_imu),60180249,-0.021978,1.086186,-10.014166,
imu(highres_imu),60216249,-0.007740,1.218090,-9.966225,
imu(highres_imu),60248249,-0.019132,1.080493,-10.013692,
imu(highres_imu),60284249,-0.006327,1.180181,-9.989944,
imu(highres_imu),60321065,-0.047154,1.187764,-10.008436,
imu(highres_imu),60357048,-0.049966,1.101843,-10.025552,
imu(highres_imu),60389049,-0.030989,1.193872,-10.024590,
imu(highres_imu),60425049,-0.048058,1.154458,-9.970553,
imu(highres_imu),60461049,-0.045728,1.086140,-10.055455,
imu(highres_imu),60497049,-0.026255,1.157449,-10.054482,
imu(highres_imu),60533049,-0.013898,1.212222,-10.000932,
imu(highres_imu),60569049,-0.030025,1.104016,-9.994479,
imu(highres_imu),60605083,-0.041459,1.090291,-10.032578,
imu(highres_imu),60641049,-0.008223,1.178697,-9.977624,
imu(highres_imu),60673049,-0.026247,1.052027,-10.025081,
imu(highres_imu),60709085,-0.005364,1.145579,-10.022638,
imu(highres_imu),60745049,-0.039032,1.212724,-9.986706,
imu(highres_imu),60781849,-0.019210,1.111354,-9.961042,
imu(highres_imu),60817849,-0.012108,1.064472,-10.056983,
imu(highres_imu),60849849,-0.022458,1.193851,-9.976670,
imu(highres_imu),60957849,-0.019156,1.195823,-10.013599,
imu(highres_imu),60993849,-0.005851,1.121767,-10.011318,
imu(highres_imu),61025849,-0.029511,1.177948,-10.024160,
imu(highres_imu),61061885,-0.026144,1.166601,-9.993645,
imu(highres_imu),61097849,-0.038442,1.062398,-10.020591,
imu(highres_imu),61133849,-0.050925,1.106286,-10.029240,
imu(highres_imu),61165849,-0.048067,1.124614,-9.995656,
imu(highres_imu),61201849,-0.039047,1.077627,-10.009896,
imu(highres_imu),61239449,-0.022444,1.128448,-10.050219,
imu(highres_imu),61271456,-0.005358,1.123297,-10.021272,
imu(highres_imu),61311449,-0.018658,1.133153,-9.984742,
imu(highres_imu),61347489,-0.029105,1.077139,-10.054958,
imu(highres_imu),61379464,-0.037139,1.176926,-9.991899,
imu(highres_imu),61415449,-0.029545,1.084562,-10.023452,
imu(highres_imu),61451449,0.006459,1.136781,-10.008879,
imu(highres_imu),61487449,-0.032388,1.229090,-9.973248,
imu(highres_imu),61523449,-0.027196,1.130307,-10.031724,
imu(highres_imu),61555449,-0.044303,1.173153,-10.025399,
imu(highres_imu),61593049,-0.033839,1.213805,-9.985217,
imu(highres_imu),61629049,-0.019627,1.123857,-10.019961,
imu(highres_imu),61665049,-0.010091,1.082942,-10.026920,
imu(highres_imu),61701049,-0.001071,1.170016,-10.005533,
imu(highres_imu),61737073,-0.014342,1.158090,-9.999592,
imu(highres_imu),61769049,-0.005899,1.154832,-10.027694,
imu(highres_imu),61805049,-0.029526,1.202028,-9.968672,
imu(highres_imu),61841049,-0.028681,1.089465,-9.981946,
imu(highres_imu),61877097,-0.000120,1.063728,-10.067490,
imu(highres_imu),61909849,-0.016062,1.162147,-10.006161,
imu(highres_imu),61945849,-0.018175,1.092284,-10.049397,
imu(highres_imu),61981849,-0.018660,1.106761,-10.002362,
imu(highres_imu),62017849,-0.040477,1.205265,-10.018911,
imu(highres_imu),62053849,-0.040026,1.130955,-9.981872,
imu(highres_imu),62085892,-0.002839,1.154140,-9.991038,
imu(highres_imu),62121849,-0.036768,1.168061,-9.999900,
imu(highres_imu),62157849,-0.031454,1.075432,-9.995399,
imu(highres_imu),62193875,-0.009640,1.098719,-9.990057,
imu(highres_imu),62225849,-0.043323,1.116993,-10.011327,
imu(highres_imu),62261849,-0.034288,1.086186,-10.034121,
imu(highres_imu),62333849,-0.009646,1.193879,-9.989962,
imu(highres_imu),62370649,-0.031856,1.095563,-9.997202,
imu(highres_imu),62406649,-0.013915,1.083339,-10.046435,
imu(highres_imu),62442670,-0.033348,1.186245,-9.967733,
imu(highres_imu),62474649,-0.042350,1.078445,-10.015141,
imu(highres_imu),62510649,-0.022029,1.170694,-10.008245,
imu(highres_imu),62546649,-0.025302,1.227063,-9.956751,
imu(highres_imu),62582649,-0.036208,1.098521,-10.007047,
imu(highres_imu),62618649,-0.021978,1.081916,-10.025081,
imu(highres_imu),62650649,-0.030042,1.170632,-9.997081,
imu(highres_imu),62686649,-0.037151,1.071951,-10.047402,
imu(highres_imu),62722649,-0.021999,1.171340,-10.020925,
imu(highres_imu),62758660,-0.015825,1.213342,-10.001872,
imu(highres_imu),62796249,-0.028851,1.131359,-9.995621,
imu(highres_imu),62828249,-0.025816,1.167517,-10.020681,
imu(highres_imu),62864251,-0.049494,1.205272,-9.964811,
imu(highres_imu),62900268,-0.030953,1.103402,-10.028774,
imu(highres_imu),62936249,-0.038134,1.114807,-10.030329,
imu(highres_imu),62972249,-0.033362,1.191507,-9.987114,
imu(highres_imu),63004249,-0.001500,1.060840,-10.054477,
imu(highres_imu),63040249,-0.026255,1.145142,-9.991818,
imu(highres_imu),63076252,-0.031462,1.180593,-9.970964,
imu(highres_imu),63112249,-0.052717,1.076306,-10.005580,
imu(highres_imu),63148250,-0.014391,1.066250,-10.039796,
imu(highres_imu),63181055,-0.034401,1.159951,-10.001357,
imu(highres_imu),63221049,-0.020081,1.170158,-10.016539,
imu(highres_imu),63253049,-0.022927,1.163179,-10.029724,
imu(highres_imu),63289049,-0.038579,1.215227,-9.989017,
imu(highres_imu),63325049,-0.031496,1.124436,-10.023215,
imu(highres_imu),63361049,-0.015820,1.068328,-10.030353,
imu(highres_imu),63397081,-0.020664,1.180674,-10.005297,
imu(highres_imu),63429049,-0.029583,1.068607,-9.995564,
imu(highres_imu),63465080,-0.039059,1.156834,-10.050760,
imu(highres_imu),63501049,-0.025231,1.198036,-9.983951,
imu(highres_imu),63537049,-0.044746,1.129358,-10.012267,
imu(highres_imu),63573092,-0.031919,1.091208,-10.051370,
imu(highres_imu),63606650,-0.046642,1.215706,-9.976674,
imu(highres_imu),63642649,-0.018157,1.091057,-10.023737,
imu(highres_imu),63678649,-0.044272,1.087134,-10.055928,
imu(highres_imu),63746649,-0.054233,1.072428,-10.062097,
imu(highres_imu),63782649,-0.019104,1.139448,-10.054935,
imu(highres_imu),63818649,-0.023450,1.175645,-9.992470,
imu(highres_imu),63854649,-0.023968,1.092661,-10.046206,
imu(highres_imu),63886649,-0.017746,1.181455,-9.987659,
imu(highres_imu),63922667,-0.027628,1.161837,-9.960062,
imu(highres_imu),63958649,-0.031482,1.071481,-10.020064,
imu(highres_imu),63995449,-0.005845,1.113780,-10.014634,
imu(highres_imu),64027449,-0.044743,1.100866,-9.992813,
imu(highres_imu),64063449,-0.036208,1.069107,-10.057826,
imu(highres_imu),64103449,-0.013408,1.101403,-9.998978,
imu(highres_imu),64135449,-0.038095,1.195855,-9.988051,
imu(highres_imu),64171449,-0.031465,1.061990,-10.023182,
imu(highres_imu),64207449,-0.027651,1.126310,-10.014174,
imu(highres_imu),64243449,-0.031980,1.189108,-9.979565,
imu(highres_imu),64279452,-0.058498,1.112791,-9.992325,
imu(highres_imu),64311449,-0.022453,1.189135,-9.986641,
imu(highres_imu),64347449,-0.032445,1.156292,-10.009436,
imu(highres_imu),64383449,-0.011066,1.087606,-10.047861,
imu(highres_imu),64419449,-0.013440,1.116549,-10.013216,
imu(highres_imu),64452249,-0.041903,1.141700,-9.988537,
imu(highres_imu),64488295,-0.040940,1.063393,-10.022598,
imu(highres_imu),64528272,-0.030541,1.064842,-10.057794,
imu(highres_imu),64560249,-0.016730,1.186364,-9.980880,
imu(highres_imu),64596277,-0.023803,1.095435,-9.986113,
imu(highres_imu),64632249,0.001746,1.085796,-10.009840,
imu(highres_imu),64668249,-0.005851,1.199572,-9.981420,
imu(highres_imu),64700249,-0.023826,1.088650,-10.038333,
imu(highres_imu),64736249,-0.027671,1.153072,-9.985219,
imu(highres_imu),64772249,-0.025290,1.191928,-9.966234,
imu(highres_imu),64808276,-0.024322,1.085269,-10.036755,
imu(highres_imu),64844249,-0.022519,1.116834,-10.008903,
imu(highres_imu),64876249,-0.031531,1.130043,-10.014319,
imu(highres_imu),64913849,-0.029568,1.092828,-10.028878,
imu(highres_imu),64949849,-0.009168,1.118428,-10.062582,
imu(highres_imu),64981849,-0.039984,1.133485,-10.000005,
imu(highres_imu),65017849,-0.006800,1.076223,-10.019859,
imu(highres_imu),65053861,-0.032402,1.193259,-9.970077,
imu(highres_imu),65089856,-0.049480,1.148394,-10.009423,
imu(highres_imu),65197857,-0.023410,1.202368,-10.011342,
imu(highres_imu),65230649,-0.028055,1.063861,-10.032763,
imu(highres_imu),65267449,-0.016798,1.126698,-10.005136,
imu(highres_imu),65303449,-0.043760,1.216290,-10.004219,
imu(highres_imu),65339449,-0.024378,1.101038,-10.017143,
imu(highres_imu),65371449,-0.028167,1.213126,-10.024923,
imu(highres_imu),65407449,-0.051847,1.170937,-9.977080,
imu(highres_imu),65443472,-0.037143,1.065449,-10.024991,
imu(highres_imu),65475449,-0.014863,1.196251,-9.979521,
imu(highres_imu),65517049,-0.013880,1.198151,-9.997031,
imu(highres_imu),65549049,-0.037261,1.065573,-10.042727,
imu(highres_imu),65585051,-0.015768,1.142977,-10.011589,
imu(highres_imu),65621049,-0.042870,1.199540,-9.985687,
imu(highres_imu),65657063,-0.020555,1.119108,-10.024073,
imu(highres_imu),65693067,-0.028625,1.082252,-10.038281,
imu(highres_imu),65729049,-0.012034,1.196256,-9.982811,
imu(highres_imu),65761049,-0.011560,1.065665,-10.037488,
imu(highres_imu),65797064,-0.028125,1.152121,-9.995638,
imu(highres_imu),65833076,-0.003027,1.194810,-10.009546,
imu(highres_imu),65869049,-0.020563,1.106038,-10.010822,
imu(highres_imu),65905049,-0.030536,1.081845,-10.058323,
imu(highres_imu),65937849,-0.012043,1.168649,-9.976148,
imu(highres_imu),65973849,-0.038580,1.067683,-10.016064,
imu(highres_imu),66009849,-0.034785,1.124139,-10.032674,
imu(highres_imu),66045849,-0.024045,1.204249,-9.986234,
imu(highres_imu),66077849,-0.007274,1.080967,-10.055452,
imu(highres_imu),66113849,-0.022480,1.154405,-10.028957,
imu(highres_imu),66149849,-0.029568,1.178689,-9.994233,
imu(highres_imu),66185876,-0.005399,1.086838,-10.022667,
imu(highres_imu),66221849,-0.046261,1.128665,-10.044209,
imu(highres_imu),66257857,-0.031933,1.182940,-9.973855,
imu(highres_imu),66293849,-0.020509,1.134880,-9.996671,
imu(highres_imu),66329849,-0.014863,1.073851,-10.040266,
imu(highres_imu),66361849,-0.010600,1.202894,-9.979511,
imu(highres_imu),66398649,-0.046644,1.105162,-10.038843,
imu(highres_imu),66434649,-0.016656,1.086843,-10.044143,
imu(highres_imu),66466698,-0.031396,1.180102,-9.978435,
imu(highres_imu),66502649,-0.039054,1.070532,-10.012742,
imu(highres_imu),66574662,-0.051259,1.229277,-9.982589,
imu(highres_imu),66606649,-0.033837,1.071974,-10.031229,
imu(highres_imu),66642681,-0.027684,1.183267,-10.005716,
imu(highres_imu),66678649,-0.024775,1.170334,-10.030775,
imu(highres_imu),66714649,-0.036683,1.068158,-10.059250,
imu(highres_imu),66750649,-0.010595,1.139503,-10.066369,
imu(highres_imu),66786649,-0.024292,1.183480,-9.983351,
imu(highres_imu),66822649,-0.026247,1.121293,-10.022234,
imu(highres_imu),66855449,-0.010120,1.186288,-10.020335,
imu(highres_imu),66891484,-0.018122,1.197868,-9.982827,
imu(highres_imu),66927449,-0.026295,1.102759,-10.026509,
imu(highres_imu),66963449,-0.012966,1.121767,-10.017014,
imu(highres_imu),66999449,-0.033868,1.205786,-10.006028,
imu(highres_imu),67031448,-0.037606,1.067268,-10.042157,
imu(highres_imu),67067449,-0.010576,1.138631,-9.987488,
imu(highres_imu),67103449,-0.024325,1.184524,-9.973754,
imu(highres_imu),67139452,-0.036682,1.077199,-10.010846,
imu(highres_imu),67175449,-0.008697,1.101842,-10.043115,
imu(highres_imu),67207449,-0.030960,1.131171,-9.989082,
imu(highres_imu),67243449,-0.044272,1.073376,-9.999453,
imu(highres_imu),67279449,-0.023423,1.179082,-10.022019,
imu(highres_imu),67316249,-0.033808,1.192375,-9.999970,
imu(highres_imu),67352249,-0.037684,1.130606,-10.021152,
imu(highres_imu),67388271,-0.026304,1.078954,-10.049756,
imu(highres_imu),67420249,-0.014389,1.148335,-9.992334,
imu(highres_imu),67456262,-0.055641,1.063438,-10.036441,
imu(highres_imu),67492249,-0.012487,1.122280,-10.038828,
imu(highres_imu),67528249,-0.059463,1.194392,-9.963849,
imu(highres_imu),67564249,-0.049496,1.111217,-9.998048,
imu(highres_imu),67600249,-0.025306,1.072536,-10.051165,
imu(highres_imu),67636249,0.001264,1.202893,-9.976199,
imu(highres_imu),67668249,-0.031462,1.073873,-10.032691,
imu(highres_imu),67704249,-0.002057,1.154977,-10.013216,
imu(highres_imu),67740249,-0.022453,1.205237,-9.944360,
imu(highres_imu),67777049,-0.036714,1.124276,-9.974703,
imu(highres_imu),67813049,-0.035260,1.063894,-10.039314,
imu(highres_imu),67849089,-0.024471,1.139127,-10.042186,
imu(highres_imu),67881049,-0.030529,1.115099,-10.043571,
imu(highres_imu),67917049,-0.031891,1.089155,-10.034033,
imu(highres_imu),68025849,-0.056605,1.084762,-10.026505,
imu(highres_imu),68057849,-0.027194,1.169688,-9.961958,
imu(highres_imu),68094649,-0.022137,1.125477,-10.002303,
imu(highres_imu),68127449,-0.008697,1.147458,-10.029274,
imu(highres_imu),68163449,-0.036189,1.193917,-9.993209,
imu(highres_imu),68199449,-0.021504,1.112982,-10.004947,
imu(highres_imu),68235476,-0.021042,1.072303,-10.037830,
imu(highres_imu),68267448,-0.050783,1.164048,-9.975113,
imu(highres_imu),68303472,-0.020081,1.060016,-10.018473,
imu(highres_imu),68339449,-0.011621,1.123063,-10.063417,
imu(highres_imu),68375449,-0.006800,1.203836,-9.975250,
imu(highres_imu),68411488,-0.039666,1.105206,-10.050067,
imu(highres_imu),68444249,-0.021501,1.188163,-10.007527,
imu(highres_imu),68480249,-0.021512,1.168231,-9.989500,
imu(highres_imu),68516248,-0.034351,1.074367,-10.009782,
imu(highres_imu),68552249,-0.032413,1.140259,-10.053556,
imu(highres_imu),68588276,-0.010127,1.202345,-9.984308,
imu(highres_imu),68624249,-0.036680,1.145400,-10.002722,
imu(highres_imu),68660256,-0.025303,1.067667,-10.026491,
imu(highres_imu),68692249,-0.043367,1.149538,-9.986706,
imu(highres_imu),68728249,-0.025789,1.072678,-10.031837,
imu(highres_imu),68764249,-0.041406,1.128703,-10.038726,
imu(highres_imu),68804249,-0.014771,1.114454,-10.038866,
imu(highres_imu),68836249,-0.034733,1.133288,-10.006149,
imu(highres_imu),68868249,-0.045221,1.145962,-10.001352,
imu(highres_imu),68905849,-0.015867,1.204646,-10.017457,
imu(highres_imu),68941849,-0.039577,1.154736,-9.978114,
imu(highres_imu),68977868,-0.043301,1.060712,-10.033192,
imu(highres_imu),69013849,-0.006320,1.153751,-9.984480,
imu(highres_imu),69049849,-0.025299,1.203842,-9.966234,
imu(highres_imu),69081849,-0.034831,1.124454,-10.016527,
imu(highres_imu),69117857,-0.024816,1.202828,-9.992843,
imu(highres_imu),69153849,-0.045228,1.143499,-10.007659,
imu(highres_imu),69189849,-0.017235,1.090930,-10.026031,
imu(highres_imu),69225873,-0.025292,1.156656,-10.011793,
imu(highres_imu),69259478,-0.025787,1.120135,-9.987551,
imu(highres_imu),69295449,-0.039609,1.057407,-10.070064,
imu(highres_imu),69327488,-0.005822,1.170226,-10.000891,
imu(highres_imu),69399449,-0.006326,1.117023,-10.007046,
imu(highres_imu),69435449,-0.025252,1.193100,-9.976091,
imu(highres_imu),69471449,-0.024846,1.128317,-9.991428,
imu(highres_imu),69507449,-0.011543,1.066260,-10.074910,
imu(highres_imu),69543449,-0.022447,1.172084,-10.025074,
imu(highres_imu),69579490,-0.043693,1.185183,-9.998746,
imu(highres_imu),69612248,0.010276,1.102059,-10.038289,
imu(highres_imu),69648249,-0.009176,1.190735,-9.989298,
imu(highres_imu),69684249,-0.033886,1.171631,-9.979510,
imu(highres_imu),69720249,-0.031955,1.072138,-10.038523,
imu(highres_imu),69756249,-0.029089,1.131703,-9.995670,
imu(highres_imu),69792249,-0.032888,1.214753,-10.018437,
imu(highres_imu),69824249,-0.031939,1.083814,-10.042166,
imu(highres_imu),69860249,-0.016777,1.215724,-9.981863,
imu(highres_imu),69896249,-0.028140,1.149255,-9.963884,
imu(highres_imu),69932273,-0.038543,1.072185,-10.017925,
imu(highres_imu),69964249,-0.025299,1.199098,-9.967182,
imu(highres_imu),70000249,-0.035197,1.114242,-10.031249,
imu(highres_imu),70037049,-0.002766,1.062621,-10.032357,
imu(highres_imu),70073863,-0.015318,1.148632,-10.026572,
imu(highres_imu),70109849,-0.004983,1.174298,-9.999458,
imu(highres_imu),70141849,-0.025735,1.088178,-10.041197,
imu(highres_imu),70177849,0.000281,1.196302,-10.033960,
imu(highres_imu),70213849,-0.040952,1.155451,-9.967658,
imu(highres_imu),70249849,-0.015236,1.072461,-10.020965,
imu(highres_imu),70285849,-0.014432,1.126695,-10.040791,
imu(highres_imu),70317849,-0.046150,1.084705,-10.007074,
imu(highres_imu),70353849,-0.035253,1.115677,-10.019363,
imu(highres_imu),70391449,-0.024798,1.181461,-10.082530,
imu(highres_imu),70427449,-0.033580,1.195761,-9.983916,
imu(highres_imu),70459449,-0.023390,1.083529,-10.041573,
imu(highres_imu),70495449,-0.020555,1.209535,-10.012742,
imu(highres_imu),70535449,-0.032399,1.197554,-9.978559,
imu(highres_imu),70567449,0.004113,1.076706,-10.013208,
imu(highres_imu),70599449,-0.002592,1.195850,-10.000738,
imu(highres_imu),70635449,-0.041900,1.086186,-10.012267,
imu(highres_imu),70671485,-0.025447,1.079252,-10.048284,
imu(highres_imu),70707449,-0.044746,1.178503,-9.972122,
imu(highres_imu),70740249,-0.017235,1.104544,-10.031426,
imu(highres_imu),70816249,-0.032860,1.128276,-10.049530,
imu(highres_imu),70848249,-0.034782,1.094190,-9.993317,
imu(highres_imu),70884249,-0.016316,1.073192,-10.049613,
imu(highres_imu),70920249,-0.014406,1.168780,-9.983763,
imu(highres_imu),70956249,-0.042412,1.196694,-9.973817,
imu(highres_imu),70992249,-0.021057,1.060348,-10.004415,
imu(highres_imu),71024285,0.008396,1.204264,-10.013765,
imu(highres_imu),71060249,-0.043295,1.115925,-9.983593,
imu(highres_imu),71096271,-0.032016,1.078948,-10.029349,
imu(highres_imu),71129866,-0.000625,1.217177,-10.003730,
imu(highres_imu),71165849,-0.034375,1.125316,-9.979107,
imu(highres_imu),71201849,-0.053296,1.060058,-10.037428,
imu(highres_imu),71237883,-0.015028,1.173314,-9.989500,
imu(highres_imu),71273849,-0.025345,1.154745,-10.026712,
imu(highres_imu),71309885,-0.037648,1.135797,-9.963200,
imu(highres_imu),71345849,-0.055656,1.081441,-10.032674,
imu(highres_imu),71381849,-0.016764,1.167788,-10.075867,
imu(highres_imu),71413850,-0.015273,1.166326,-10.040681,
imu(highres_imu),71449849,0.016442,1.144539,-9.973399,
imu(highres_imu),71485849,0.008853,1.135525,-10.025555,
imu(highres_imu),71521849,-0.015793,1.138381,-9.980483,
imu(highres_imu),71555449,-0.013457,1.135043,-10.022724,
imu(highres_imu),71591450,-0.019469,1.130823,-10.029717,
imu(highres_imu),71623449,-0.031504,1.132679,-10.025757,
imu(highres_imu),71663449,-0.024149,1.136135,-9.978031,
imu(highres_imu),71695492,-0.015295,1.133711,-10.009839,
imu(highres_imu),71731449,-0.023396,1.128420,-10.030766,
imu(highres_imu),71767449,-0.007247,1.129845,-10.001346,
imu(highres_imu),71803471,-0.036252,1.121352,-10.025609,
imu(highres_imu),71839449,-0.034794,1.161144,-10.024140,
imu(highres_imu),71872249,-0.032388,1.138372,-10.043115,
imu(highres_imu),71908249,-0.034835,1.101392,-10.017957,
imu(highres_imu),71944261,-0.006798,1.150242,-10.008403,
imu(highres_imu),71980249,-0.032878,1.127480,-10.040307,
imu(highres_imu),72017049,-0.027701,1.135327,-10.008649,
imu(highres_imu),72053051,-0.008124,1.161163,-10.015185,
imu(highres_imu),72085049,-0.033362,1.163042,-9.999928,
imu(highres_imu),72121049,-0.026187,1.117023,-10.016024,
imu(highres_imu),72157049,-0.023392,1.129344,-10.014582,
imu(highres_imu),72262649,-0.047118,1.129832,-10.011792,
imu(highres_imu),72295449,-0.012452,1.119345,-9.962860,
imu(highres_imu),72335449,-0.012979,1.099905,-10.004602,
imu(highres_imu),72367449,-0.027670,1.145962,-9.984742,
imu(highres_imu),72403449,-0.008223,1.152124,-9.996582,
imu(highres_imu),72440249,-0.034417,1.131439,-9.999122,
imu(highres_imu),72472249,-0.038019,1.140097,-10.033364,
imu(highres_imu),72512249,-0.000182,1.131244,-9.972889,
imu(highres_imu),72544249,-0.018658,1.144063,-10.019846,
imu(highres_imu),72580249,-0.038580,1.138349,-10.023704,
imu(highres_imu),72616249,-0.024824,1.137423,-10.002301,
imu(highres_imu),72653049,-0.047592,1.128409,-10.056402,
imu(highres_imu),72685057,-0.028101,1.176782,-10.003259,
imu(highres_imu),72725083,-0.031279,1.139176,-9.995699,
imu(highres_imu),72757849,-0.021419,1.138116,-10.015730,
imu(highres_imu),72790649,-0.048067,1.141693,-10.018436,
imu(highres_imu),72826649,-0.035714,1.149770,-10.003708,
imu(highres_imu),72863449,-0.022889,1.104711,-10.030279,
imu(highres_imu),72899449,-0.024824,1.126037,-9.971455,
imu(highres_imu),72933049,0.004110,1.136000,-10.027453,
imu(highres_imu),72969048,-0.024303,1.147836,-9.999500,
imu(highres_imu),73005056,-0.038599,1.158379,-10.024138,
imu(highres_imu),73041081,-0.036691,1.146927,-10.017525,
imu(highres_imu),73073049,-0.031957,1.121776,-10.008015,
imu(highres_imu),73109057,-0.039074,1.105181,-10.021137,
imu(highres_imu),73145049,-0.016334,1.152095,-10.044927,
imu(highres_imu),73181049,-0.045695,1.150707,-10.020335,
imu(highres_imu),73217049,-0.021457,1.143070,-10.026885,
imu(highres_imu),73253050,-0.006324,1.124614,-10.014159,
imu(highres_imu),73289051,-0.045687,1.148348,-10.030291,
imu(highres_imu),73321049,-0.037155,1.139322,-10.023659,
imu(highres_imu),73358649,-0.010110,1.132194,-9.983303,
imu(highres_imu),73390649,-0.040003,1.114651,-10.030301,
imu(highres_imu),73430649,-0.040030,1.132216,-10.008268,
imu(highres_imu),73466649,0.000789,1.131738,-10.009879,
imu(highres_imu),73499449,-0.014405,1.127919,-9.954868,
imu(highres_imu),73535449,-0.004903,1.150232,-10.026979,
imu(highres_imu),73567449,-0.036222,1.129317,-10.003263,
imu(highres_imu),73676249,-0.011070,1.145488,-10.008948,
imu(highres_imu),73712276,-0.028626,1.119361,-10.006136,
imu(highres_imu),73744249,-0.037157,1.136957,-10.026520,
imu(highres_imu),73784249,0.006970,1.122715,-10.019868,
imu(highres_imu),73816278,-0.028608,1.143577,-10.034103,
imu(highres_imu),73852249,-0.008253,1.144984,-9.998994,
imu(highres_imu),73888249,-0.049015,1.133630,-10.023654,
imu(highres_imu),73924249,-0.012505,1.111826,-10.001773,
imu(highres_imu),73956275,-0.023291,1.131246,-10.027963,
imu(highres_imu),73996249,-0.039529,1.111804,-10.011318,
imu(highres_imu),74032249,-0.021278,1.162631,-9.996878,
imu(highres_imu),74065849,-0.027670,1.117956,-10.011745,
imu(highres_imu),74101854,-0.021537,1.129353,-9.995207,
imu(highres_imu),74133849,-0.032865,1.141265,-10.031250,
imu(highres_imu),74169849,-0.011069,1.142643,-10.010842,
imu(highres_imu),74205863,-0.018673,1.132204,-10.012191,
imu(highres_imu),74241849,-0.032888,1.139795,-10.046436,
imu(highres_imu),74277849,0.000791,1.147388,-10.005150,
imu(highres_imu),74313849,0.004592,1.143608,-10.033140,
imu(highres_imu),74345849,-0.021505,1.146911,-10.001352,
imu(highres_imu),74382649,-0.030832,1.132597,-9.986890,
imu(highres_imu),74419449,-0.032869,1.108009,-10.007038,
imu(highres_imu),74451476,-0.047681,1.117493,-10.050834,
imu(highres_imu),74488263,-0.008769,1.142639,-10.016064,
imu(highres_imu),74524249,-0.007645,1.120374,-9.998000,
imu(highres_imu),74560249,-0.032888,1.149284,-9.998979,
imu(highres_imu),74592249,-0.037157,1.133153,-9.981894,
imu(highres_imu),74629852,-0.009162,1.124614,-10.003265,
imu(highres_imu),74665849,-0.008719,1.135532,-10.014173,
imu(highres_imu),74701849,-0.003954,1.157824,-10.022711,
imu(highres_imu),74737849,-0.036702,1.143590,-9.987576,
imu(highres_imu),74769849,-0.021030,1.133628,-10.017013,
imu(highres_imu),74805849,-0.025302,1.165417,-10.036736,
imu(highres_imu),74841849,-0.046218,1.149316,-10.014704,
imu(highres_imu),74879449,-0.008711,1.119380,-9.993291,
imu(highres_imu),74911449,-0.030042,1.131256,-9.964335,
imu(highres_imu),74947449,-0.034785,1.158730,-10.019485,
imu(highres_imu),74983448,-0.021563,1.149713,-10.023196,
imu(highres_imu),75091449,-0.028683,1.127460,-10.011750,
imu(highres_imu),75123489,-0.029220,1.140706,-10.000938,
imu(highres_imu),75159449,-0.024824,1.123665,-10.019386,
imu(highres_imu),75195449,-0.012492,1.159724,-10.013699,
imu(highres_imu),75231449,-0.014863,1.145964,-9.989013,
imu(highres_imu),75263460,-0.019638,1.133151,-10.031219,
imu(highres_imu),75305049,-0.033393,1.116082,-10.012252,
imu(highres_imu),75337049,-0.022478,1.131280,-10.007031,
imu(highres_imu),75373049,-0.020117,1.124602,-10.010369,
imu(highres_imu),75409085,-0.036602,1.149300,-10.020364,
imu(highres_imu),75445049,-0.031955,1.110871,-10.040773,
imu(highres_imu),75477067,-0.015301,1.121759,-10.015631,
imu(highres_imu),75513849,-0.041883,1.138475,-10.014659,
imu(highres_imu),75547449,-0.041925,1.153110,-10.036540,
imu(highres_imu),75584249,-0.023876,1.141693,-9.984268,
imu(highres_imu),75620249,-0.039125,1.139250,-10.032127,
imu(highres_imu),75652251,-0.026722,1.148814,-9.964342,
imu(highres_imu),75688249,-0.036212,1.135517,-9.998010,
imu(highres_imu),75724249,-0.031466,1.142644,-10.022709,
imu(highres_imu),75761885,-0.035595,1.150299,-10.035149,
imu(highres_imu),75797849,-0.041909,1.135063,-10.013165,
imu(highres_imu),75829849,-0.018657,1.131327,-9.978619,
imu(highres_imu),75865849,-0.012047,1.144094,-10.010369,
imu(highres_imu),75901849,-0.030991,1.161152,-9.981864,
imu(highres_imu),75937849,-0.009630,1.127018,-10.005325,
imu(highres_imu),75973849,-0.025773,1.138846,-10.013216,
imu(highres_imu),76009849,-0.001008,1.125063,-10.039317,
imu(highres_imu),76045849,-0.019607,1.138372,-10.009420,
imu(highres_imu),76078649,-0.019440,1.113228,-9.987970,
imu(highres_imu),76115449,-0.033333,1.129321,-10.009905,
imu(highres_imu),76151449,-0.016230,1.162090,-10.015981,
imu(highres_imu),76183449,-0.025299,1.148809,-10.026978,
imu(highres_imu),76219449,-0.028666,1.143121,-10.019758,
imu(highres_imu),76255449,-0.017732,1.119388,-9.981887,
imu(highres_imu),76291461,-0.058050,1.147891,-10.010365,
imu(highres_imu),76323449,-0.024793,1.132596,-9.978572,
imu(highres_imu),76359449,-0.040003,1.140254,-10.014601,
imu(highres_imu),76395449,-0.029568,1.133628,-9.997081,
imu(highres_imu),76464249,-0.026731,1.130799,-10.016541,
imu(highres_imu),76500283,-0.035686,1.129812,-9.969062,
imu(highres_imu),76536249,-0.020581,1.146238,-9.999228,
imu(highres_imu),76572249,-0.018211,1.155021,-10.019391,
imu(highres_imu),76608285,-0.016295,1.131628,-9.975666,
imu(highres_imu),76645049,-0.021030,1.127460,-9.978552,
imu(highres_imu),76681049,-0.003005,1.139321,-10.002301,
imu(highres_imu),76717049,-0.051029,1.102761,-10.006688,
imu(highres_imu),76749068,-0.014394,1.117490,-10.019418,
imu(highres_imu),76785849,-0.012954,1.124139,-10.007059,
imu(highres_imu),76821849,-0.021891,1.118899,-9.978076,
imu(highres_imu),76857849,-0.032434,1.135679,-9.992225,
imu(highres_imu),76889849,-0.019675,1.133700,-10.021824,
imu(highres_imu),76925849,-0.035734,1.148335,-10.007048,
imu(highres_imu),76961849,-0.040043,1.131225,-9.996639,
imu(highres_imu),76997872,-0.022908,1.141240,-10.025517,
imu(highres_imu),77029849,-0.048541,1.121767,-10.055452,
imu(highres_imu),77065849,-0.025773,1.117972,-10.014165,
imu(highres_imu),77101849,-0.038106,1.127460,-10.002301,
imu(highres_imu),77137849,-0.032416,1.133135,-10.026061,
imu(highres_imu),77171449,-0.007274,1.122716,-9.991385,
imu(highres_imu),77211449,-0.021504,1.136474,-9.997081,
imu(highres_imu),77243449,-0.031473,1.139337,-9.999928,
imu(highres_imu),77279449,-0.013440,1.130307,-10.045012,
imu(highres_imu),77316249,-0.025257,1.130369,-9.966296,
imu(highres_imu),77348273,-0.029598,1.147372,-10.022718,
imu(highres_imu),77385849,-0.030468,1.135004,-10.029869,
imu(highres_imu),77421876,-0.024780,1.144112,-9.980883,
imu(highres_imu),77454649,-0.011069,1.153079,-10.011792,
imu(highres_imu),77490649,-0.004428,1.128883,-10.055454,
imu(highres_imu),77526649,0.002677,1.135499,-10.007161,
imu(highres_imu),77562649,-0.025220,1.128906,-10.018913,
imu(highres_imu),77594649,-0.005340,1.124606,-9.988557,
imu(highres_imu),77632248,-0.041485,1.131162,-10.035490,
imu(highres_imu),77668249,-0.019604,1.139321,-10.047840,
imu(highres_imu),77700249,-0.026755,1.149267,-10.033248,
imu(highres_imu),77736249,-0.012017,1.150232,-10.000877,
imu(highres_imu),77776249,-0.024871,1.144593,-9.975293,
imu(highres_imu),77808249,-0.040003,1.157843,-9.997081,
imu(highres_imu),77916249,-0.010148,1.131243,-10.013656,
imu(highres_imu),77952249,-0.026245,1.139794,-10.001350,
imu(highres_imu),77988249,-0.001977,1.137450,-10.025110,
imu(highres_imu),78020249,-0.032418,1.124599,-10.054457,
imu(highres_imu),78057049,-0.046638,1.152596,-9.983811,
imu(highres_imu),78093056,-0.019592,1.118915,-10.023200,
imu(highres_imu),78129062,-0.003954,1.130298,-10.018880,
imu(highres_imu),78165049,-0.026741,1.140668,-10.018882,
imu(highres_imu),78201049,-0.030946,1.129810,-10.031702,
imu(highres_imu),78237049,-0.028140,1.126515,-10.049765,
imu(highres_imu),78273049,-0.019098,1.141693,-10.015572,
imu(highres_imu),78305049,-0.024824,1.160260,-10.019808,
imu(highres_imu),78341049,-0.025315,1.120297,-10.035936,
imu(highres_imu),78377049,-0.051859,1.149758,-10.025557,
imu(highres_imu),78410649,-0.018184,1.112279,-10.004200,
imu(highres_imu),78442649,-0.037613,1.120349,-10.035507,
imu(highres_imu),78482649,-0.033781,1.152642,-10.004148,
imu(highres_imu),78514649,-0.010578,1.142777,-10.005113,
imu(highres_imu),78550689,-0.022998,1.153553,-10.012850,
imu(highres_imu),78586653,-0.037137,1.151619,-10.008074,
imu(highres_imu),78621069,-0.047611,1.121357,-10.012751,
imu(highres_imu),78657049,-0.016790,1.104330,-10.029788,
imu(highres_imu),78693049,-0.030516,1.149284,-10.000402,
imu(highres_imu),78729049,-0.044745,1.130306,-10.008471,
imu(highres_imu),78765049,-0.054718,1.146468,-10.014650,
imu(highres_imu),78801049,-0.028619,1.147860,-10.018911,
imu(highres_imu),78837049,-0.019991,1.151249,-10.001849,
imu(highres_imu),78869087,0.006381,1.134576,-10.030911,
imu(highres_imu),78905049,-0.009632,1.125571,-10.001823,
imu(highres_imu),78941049,-0.030930,1.143442,-10.015220,
imu(highres_imu),78977073,-0.032784,1.137892,-10.005131,
imu(highres_imu),79009049,-0.006326,1.140744,-10.009396,
imu(highres_imu),79046649,-0.019365,1.132201,-10.012179,
imu(highres_imu),79082649,-0.012041,1.152600,-10.036968,
imu(highres_imu),79114649,-0.034311,1.140200,-10.021335,
imu(highres_imu),79150649,-0.032888,1.146437,-9.984268,
imu(highres_imu),79186649,-0.012936,1.121303,-10.025060,
imu(highres_imu),79222676,-0.016360,1.136949,-10.011759,
imu(highres_imu),79330649,-0.000600,1.152586,-10.006533,
imu(highres_imu),79366667,-0.012043,1.142139,-10.022812,
imu(highres_imu),79398649,-0.013443,1.123659,-10.000406,
imu(highres_imu),79435449,-0.022926,1.127935,-10.003248,
imu(highres_imu),79471449,-0.038106,1.142642,-10.032674,
imu(highres_imu),79503449,-0.030609,1.154046,-10.005571,
imu(highres_imu),79539449,-0.042841,1.141255,-10.004726,
imu(highres_imu),79576249,-0.026722,1.136001,-9.987116,
imu(highres_imu),79608249,-0.025299,1.126037,-10.013216,
imu(highres_imu),79644249,-0.023403,1.125087,-10.030765,
imu(highres_imu),79684249,-0.035251,1.126503,-10.018386,
imu(highres_imu),79716249,-0.018658,1.126986,-10.001352,
imu(highres_imu),79753049,-0.002405,1.138876,-9.987684,
imu(highres_imu),79789849,-0.038106,1.136474,-9.993759,
imu(highres_imu),79825849,-0.017724,1.140279,-10.012737,
imu(highres_imu),79857872,-0.045242,1.145460,-9.998052,
imu(highres_imu),79893849,0.005988,1.141679,-9.993271,
imu(highres_imu),79929849,-0.057058,1.147908,-10.026008,
imu(highres_imu),79965888,-0.045715,1.130132,-9.966850,
imu(highres_imu),79997851,-0.017709,1.159225,-10.019820,
imu(highres_imu),80033849,-0.026712,1.153529,-9.998980,
imu(highres_imu),80069849,-0.061348,1.141218,-10.048334,
imu(highres_imu),80106651,-0.053754,1.126992,-10.005151,
imu(highres_imu),80142649,-0.029108,1.136949,-10.043001,
imu(highres_imu),80174678,-0.022456,1.122665,-9.991516,
imu(highres_imu),80210649,-0.048062,1.142172,-9.986138,
imu(highres_imu),80246649,-0.035260,1.094251,-10.040741,
imu(highres_imu),80282649,-0.018802,1.120296,-10.024638,
imu(highres_imu),80318649,-0.027649,1.164569,-10.032564,
imu(highres_imu),80354649,-0.026722,1.138846,-10.045961,
imu(highres_imu),80390649,-0.034785,1.134158,-9.977987,
imu(highres_imu),80426649,-0.023403,1.096624,-10.035994,
imu(highres_imu),80458649,-0.025796,1.124535,-10.029855,
imu(highres_imu),80494649,-0.015508,1.145986,-9.963620,
imu(highres_imu),80530649,-0.045695,1.118446,-9.985216,
imu(highres_imu),80563449,-0.050913,1.102790,-10.041217,
imu(highres_imu),80599449,0.000789,1.148809,-10.022707,
imu(highres_imu),80635449,-0.021544,1.136261,-9.963322,
imu(highres_imu),80707449,-0.031457,1.172538,-9.995654,
imu(highres_imu),80739467,-0.034324,1.138816,-10.014229,
imu(highres_imu),80775449,0.003608,1.156738,-10.031319,
imu(highres_imu),80811449,-0.010595,1.127460,-10.021758,
imu(highres_imu),80847483,-0.005385,1.165774,-10.019302,
imu(highres_imu),80883449,-0.021504,1.128445,-10.030712,
imu(highres_imu),80919476,-0.012913,1.179269,-9.976602,
imu(highres_imu),80955457,-0.013429,1.084835,-10.064057,
imu(highres_imu),80989063,-0.006736,1.143940,-9.999640,
imu(highres_imu),81025049,-0.036221,1.119935,-10.045462,
imu(highres_imu),81061054,-0.043298,1.203912,-9.977978,
imu(highres_imu),81097079,-0.033810,1.091457,-10.064020,
imu(highres_imu),81129049,-0.006800,1.160195,-10.021758,
imu(highres_imu),81165049,-0.015286,1.111883,-10.038368,
imu(highres_imu),81201049,-0.037247,1.151121,-9.975960,
imu(highres_imu),81237049,-0.021978,1.104213,-10.064469,
imu(highres_imu),81273050,-0.030567,1.140032,-10.006753,
imu(highres_imu),81309049,-0.029989,1.181671,-9.990865,
imu(highres_imu),81345072,-0.012942,1.101557,-10.029859,
imu(highres_imu),81377849,-0.027196,1.170149,-10.005163,
imu(highres_imu),81413849,-0.014390,1.096139,-10.026518,
imu(highres_imu),81449849,-0.045179,1.125618,-9.994641,
imu(highres_imu),81485849,-0.025299,1.191032,-9.986640,
imu(highres_imu),81521849,-0.028618,1.064839,-10.033617,
imu(highres_imu),81553861,-0.025793,1.173979,-10.019865,
imu(highres_imu),81589849,-0.024839,1.079027,-10.050750,
imu(highres_imu),81625849,-0.023417,1.141378,-10.002712,
imu(highres_imu),81661862,-0.028635,1.211276,-9.999503,
imu(highres_imu),81697849,-0.033362,1.092771,-10.029860,
imu(highres_imu),81729849,-0.039599,1.192510,-10.023207,
imu(highres_imu),81765849,-0.013915,1.111330,-10.034098,
imu(highres_imu),81801849,-0.032888,1.081441,-10.029351,
imu(highres_imu),81839449,-0.039529,1.177281,-10.011308,
imu(highres_imu),81871449,0.000808,1.082355,-10.019391,
imu(highres_imu),81907449,-0.041442,1.143751,-10.001287,
imu(highres_imu),81943449,-0.021504,1.214279,-9.986166,
imu(highres_imu),81975449,-0.017774,1.107390,-10.037893,
imu(highres_imu),82011469,-0.029099,1.193264,-9.985345,
imu(highres_imu),82047449,-0.023378,1.137257,-9.998588,
imu(highres_imu),82152249,-0.035255,1.092817,-10.035046,
imu(highres_imu),82192248,-0.033817,1.091925,-9.995647,
imu(highres_imu),82228249,-0.034343,1.093434,-10.030714,
imu(highres_imu),82264249,-0.027611,1.192002,-9.988453,
imu(highres_imu),82296249,-0.009172,1.052502,-10.063994,
imu(highres_imu),82332249,-0.017709,1.163516,-10.002775,
imu(highres_imu),82368298,-0.023694,1.189549,-10.011302,
imu(highres_imu),82400249,-0.001558,1.143886,-10.034924,
imu(highres_imu),82436249,-0.024363,1.186828,-9.967123,
imu(highres_imu),82472249,-0.030042,1.107989,-10.016533,
imu(highres_imu),82508249,-0.008697,1.065311,-10.070639,
imu(highres_imu),82544249,-0.033870,1.171231,-10.030259,
imu(highres_imu),82580249,-0.007745,1.185841,-10.010365,
imu(highres_imu),82613849,-0.034766,1.067911,-10.001694,
imu(highres_imu),82649889,-0.035394,1.174527,-9.986416,
imu(highres_imu),82685849,-0.024824,1.144779,-9.971928,
imu(highres_imu),82721849,-0.030474,1.060064,-10.037444,
imu(highres_imu),82757849,-0.011069,1.120344,-10.025082,
imu(highres_imu),82793849,-0.047640,1.189760,-9.959865,
imu(highres_imu),82825888,-0.027533,1.064708,-10.034960,
imu(highres_imu),82861849,-0.011984,1.168875,-9.991795,
imu(highres_imu),82897849,-0.007750,1.178233,-9.993756,
imu(highres_imu),82933853,-0.019602,1.077173,-9.998026,
imu(highres_imu),82967467,-0.025803,1.156721,-10.007636,
imu(highres_imu),83003449,-0.029163,1.146585,-9.994303,
imu(highres_imu),83035449,-0.015305,1.133827,-10.078725,
imu(highres_imu),83075449,-0.001084,1.141266,-10.016068,
imu(highres_imu),83107449,-0.010198,1.128370,-9.999842,
imu(highres_imu),83143449,-0.017260,1.095774,-10.026481,
imu(highres_imu),83179449,-0.026764,1.187009,-10.030855,
imu(highres_imu),83215449,-0.025301,1.207163,-9.967179,
imu(highres_imu),83251449,-0.029068,1.087726,-10.005801,
imu(highres_imu),83287449,-0.036210,1.081907,-10.020809,
imu(highres_imu),83320249,-0.018184,1.151635,-9.993289,
imu(highres_imu),83356249,-0.033358,1.089502,-9.981915,
imu(highres_imu),83392280,-0.014357,1.156271,-10.013213,
imu(highres_imu),83428249,-0.044730,1.201480,-9.994656,
imu(highres_imu),83464249,-0.028619,1.095665,-9.971457,
imu(highres_imu),83568262,-0.037093,1.072438,-10.028893,
imu(highres_imu),83604249,-0.007749,1.084288,-10.010843,
imu(highres_imu),83636249,-0.035670,1.150941,-9.975411,
imu(highres_imu),83672249,-0.013440,1.088558,-10.047385,
imu(highres_imu),83712249,-0.014454,1.065813,-10.048772,
imu(highres_imu),83744249,-0.012966,1.186271,-9.989960,
imu(highres_imu),83781049,-0.031939,1.142167,-9.976200,
imu(highres_imu),83817049,-0.028619,1.064021,-10.046955,
imu(highres_imu),83853051,-0.025767,1.174763,-10.017983,
imu(highres_imu),83889051,-0.041425,1.176340,-9.992809,
imu(highres_imu),83925050,-0.056660,1.080066,-10.012947,
imu(highres_imu),83957049,-0.023404,1.210498,-9.979512,
imu(highres_imu),83993049,-0.030497,1.142589,-9.988558,
imu(highres_imu),84029050,-0.038063,1.049700,-10.049900,
imu(highres_imu),84065049,-0.022904,1.150516,-10.028899,
imu(highres_imu),84097049,-0.025233,1.100309,-10.004354,
imu(highres_imu),84133049,-0.000142,1.097304,-10.026978,
imu(highres_imu),84169049,-0.043353,1.193364,-10.009052,
imu(highres_imu),84206649,-0.055793,1.188732,-10.002639,
imu(highres_imu),84238649,-0.028140,1.093338,-9.998500,
imu(highres_imu),84274649,-0.013918,1.198144,-9.996133,
imu(highres_imu),84310649,-0.003954,1.173537,-10.010809,
imu(highres_imu),84346674,-0.037611,1.069237,-10.023529,
imu(highres_imu),84382649,-0.025297,1.125575,-10.031243,
imu(highres_imu),84418649,-0.029093,1.209060,-9.993759,
imu(highres_imu),84454667,-0.006830,1.115940,-10.001229,
imu(highres_imu),84486649,-0.016759,1.195773,-10.028878,
imu(highres_imu),84522649,-0.032463,1.177632,-9.977624,
imu(highres_imu),84559449,-0.035682,1.091545,-10.024961,
imu(highres_imu),84591451,-0.019677,1.203413,-10.011846,
imu(highres_imu),84627449,-0.034785,1.149284,-9.983318,
imu(highres_imu),84663449,-0.033302,1.052799,-10.043653,
imu(highres_imu),84699485,-0.025299,1.136915,-9.998923,
imu(highres_imu),84735449,0.005028,1.207456,-9.999866,
imu(highres_imu),84767449,-0.029086,1.086468,-10.007127,
imu(highres_imu),84803449,-0.034807,1.197828,-10.002169,
imu(highres_imu),84839449,-0.055804,1.167923,-9.973565,
imu(highres_imu),84875449,-0.039523,1.070533,-10.042625,
imu(highres_imu),84983449,-0.000627,1.125380,-10.021729,
imu(highres_imu),85016249,-0.036743,1.153654,-10.004614,
imu(highres_imu),85052294,-0.057492,1.208563,-9.997911,
imu(highres_imu),85088249,-0.025241,1.117103,-10.001690,
imu(highres_imu),85124249,-0.023390,1.077289,-10.051696,
imu(highres_imu),85156249,-0.028211,1.176449,-9.991518,
imu(highres_imu),85192250,-0.021506,1.053927,-10.006569,
imu(highres_imu),85228297,-0.046586,1.108054,-10.026091,
imu(highres_imu),85264249,-0.018184,1.222790,-10.001820,
imu(highres_imu),85300249,-0.021030,1.097572,-10.035047,
imu(highres_imu),85332249,-0.011096,1.206241,-10.009841,
imu(highres_imu),85368249,-0.029568,1.168260,-9.997556,
imu(highres_imu),85404249,-0.010611,1.050019,-10.036530,
imu(highres_imu),85441849,-0.022475,1.082223,-9.985581,
imu(highres_imu),85477849,-0.003490,1.182692,-9.968020,
imu(highres_imu),85513849,-0.031900,1.179438,-9.992901,
imu(highres_imu),85549849,-0.012017,1.079069,-10.018911,
imu(highres_imu),85581849,-0.036248,1.217756,-10.013247,
imu(highres_imu),85617849,-0.016286,1.108958,-10.004200,
imu(highres_imu),85653849,-0.021943,1.094732,-9.989480,
imu(highres_imu),85689849,-0.003405,1.176491,-10.008578,
imu(highres_imu),85725849,-0.029646,1.187028,-9.967709,
imu(highres_imu),85757885,-0.022520,1.116138,-10.051360,
imu(highres_imu),85793853,-0.032909,1.181485,-9.990542,
imu(highres_imu),85826649,-0.037631,1.090349,-10.022815,
imu(highres_imu),85866649,-0.015812,1.050130,-10.018436,
imu(highres_imu),85898649,-0.025772,1.214439,-9.965787,
imu(highres_imu),85934657,-0.031945,1.122332,-10.016988,
imu(highres_imu),85970649,-0.016301,1.068236,-10.035054,
imu(highres_imu),86006649,-0.022927,1.209535,-10.024130,
imu(highres_imu),86042674,-0.026654,1.178939,-9.977658,
imu(highres_imu),86078649,-0.004867,1.057685,-10.032266,
imu(highres_imu),86114648,-0.006850,1.127039,-10.046091,
imu(highres_imu),86146649,-0.028561,1.130849,-10.036732,
imu(highres_imu),86182649,-0.033833,1.080498,-10.035050,
imu(highres_imu),86218649,-0.036234,1.167007,-10.034534,
imu(highres_imu),86255449,-0.016603,1.188344,-9.999928,
imu(highres_imu),86287449,-0.033814,1.115233,-10.063520,
imu(highres_imu),86359449,-0.048541,1.172056,-10.002302,
imu(highres_imu),86395449,-0.018171,1.057346,-10.045075,
imu(highres_imu),86427449,-0.027196,1.220446,-10.026031,
imu(highres_imu),86463485,-0.011562,1.092543,-10.014744,
imu(highres_imu),86499449,-0.003933,1.081202,-10.037591,
imu(highres_imu),86535449,-0.036217,1.176833,-9.986153,
imu(highres_imu),86571449,-0.018203,1.163203,-9.986520,
imu(highres_imu),86607485,-0.019573,1.087816,-10.023424,
imu(highres_imu),86643449,-0.030516,1.142642,-10.007997,
imu(highres_imu),86679449,-0.046644,1.181544,-9.969082,
imu(highres_imu),86712249,-0.019351,1.076092,-10.016919,
imu(highres_imu),86749063,-0.028168,1.130612,-10.024129,
imu(highres_imu),86785049,-0.039080,1.220921,-10.022682,
imu(highres_imu),86821049,-0.031465,1.114176,-10.055452,
imu(highres_imu),86853049,-0.032901,1.195322,-10.022168,
imu(highres_imu),86889049,-0.029093,1.197674,-10.002776,
imu(highres_imu),86925056,-0.039081,1.074703,-10.043611,
imu(highres_imu),86961049,-0.014863,1.121860,-10.029337,
imu(highres_imu),86997049,-0.007747,1.210010,-9.977151,
imu(highres_imu),87029051,-0.037720,1.085456,-10.045624,
imu(highres_imu),87065851,-0.020079,1.156401,-10.010840,
imu(highres_imu),87101876,-0.018168,1.200099,-9.982905,
imu(highres_imu),87137849,-0.011898,1.088407,-10.029435,
imu(highres_imu),87169849,-0.015848,1.203569,-9.990791,
imu(highres_imu),87205849,-0.037546,1.144501,-9.995770,
imu(highres_imu),87241849,-0.020081,1.076223,-10.058301,
imu(highres_imu),87277849,-0.002491,1.125357,-9.989101,
imu(highres_imu),87313849,-0.036208,1.196251,-9.925895,
imu(highres_imu),87349849,-0.016761,1.114405,-10.000973,
imu(highres_imu),87385849,-0.037140,1.063263,-10.016505,
imu(highres_imu),87421857,-0.027696,1.187049,-9.968446,
imu(highres_imu),87457849,-0.025777,1.172884,-9.984816,
imu(highres_imu),87489849,-0.003367,1.129864,-10.025480,
imu(highres_imu),87523449,-0.024596,1.167984,-9.978282,
imu(highres_imu),87559449,-0.016240,1.058527,-10.000825,
imu(highres_imu),87595449,-0.028614,1.117051,-10.011295,
imu(highres_imu),87631449,-0.031500,1.198311,-9.976961,
imu(highres_imu),87667449,-0.040406,1.126262,-10.028105,
imu(highres_imu),87699449,-0.021417,1.164843,-9.999899,
imu(highres_imu),87843449,-0.019620,1.181007,-10.007965,
imu(highres_imu),87876249,-0.020389,1.053191,-10.055243,
imu(highres_imu),87916249,-0.025802,1.065956,-9.995799,
imu(highres_imu),87948248,-0.009669,1.201476,-10.013161,
imu(highres_imu),87984249,-0.028147,1.066496,-10.012513,
imu(highres_imu),88020249,-0.019607,1.096148,-10.047385,
imu(highres_imu),88056249,-0.018184,1.201944,-10.017962,
imu(highres_imu),88092257,-0.047075,1.178333,-10.002592,
imu(highres_imu),88124249,-0.008702,1.158824,-10.004650,
imu(highres_imu),88164248,-0.025256,1.125347,-10.011402,
imu(highres_imu),88196266,-0.024835,1.115239,-10.050696,
imu(highres_imu),88232249,-0.021487,1.090595,-10.029800,
imu(highres_imu),88264280,-0.030554,1.173746,-10.014141,
imu(highres_imu),88304249,-0.017714,1.182488,-9.985689,
imu(highres_imu),88341049,-0.012942,1.081046,-10.019603,
imu(highres_imu),88377049,-0.008246,1.097703,-10.039777,
imu(highres_imu),88413049,-0.024878,1.188248,-9.993186,
imu(highres_imu),88517049,-0.032848,1.202620,-10.019823,
imu(highres_imu),88553062,-0.046157,1.109866,-10.029364,
imu(highres_imu),88585049,-0.024347,1.202908,-9.994205,
imu(highres_imu),88621049,-0.023898,1.136678,-10.018978,
imu(highres_imu),88653863,-0.022930,1.132555,-10.019426,
imu(highres_imu),88690649,-0.011573,1.211960,-9.972299,
imu(highres_imu),88726649,-0.032888,1.152047,-9.977700,
imu(highres_imu),88762649,-0.005416,1.078170,-10.053115,
imu(highres_imu),88794657,-0.028149,1.197714,-9.959145,
imu(highres_imu),88830649,-0.035260,1.078049,-10.017531,
imu(highres_imu),88866649,-0.025267,1.082566,-10.022233,
imu(highres_imu),88902660,-0.011558,1.206058,-10.031188,
imu(highres_imu),88938649,-0.027179,1.151357,-9.997130,
imu(highres_imu),88974649,-0.041426,1.060567,-10.018437,
imu(highres_imu),89010649,-0.021417,1.149758,-10.063334,
imu(highres_imu),89046649,-0.011072,1.185817,-9.963376,
imu(highres_imu),89082649,-0.017709,1.100418,-10.036470,
imu(highres_imu),89115449,0.001360,1.184142,-10.030900,
imu(highres_imu),89223449,-0.028145,1.111804,-10.065894,
imu(highres_imu),89255449,-0.015378,1.123524,-10.024140,
imu(highres_imu),89291449,-0.015805,1.109004,-10.053536,
imu(highres_imu),89327449,-0.028619,1.174010,-10.006686,
imu(highres_imu),89359449,-0.012017,1.163080,-9.988523,
imu(highres_imu),89395449,-0.047660,1.107512,-10.048810,
imu(highres_imu),89431449,-0.006804,1.137583,-10.030140,
imu(highres_imu),89467472,-0.028736,1.164983,-10.003704,
imu(highres_imu),89503449,-0.020081,1.136474,-9.988538,
imu(highres_imu),89539449,-0.026271,1.141218,-9.998956,
imu(highres_imu),89577049,-0.037157,1.143116,-10.024130,
imu(highres_imu),89613049,-0.004905,1.137899,-10.006570,
imu(highres_imu),89649049,-0.012492,1.152130,-10.009894,
imu(highres_imu),89685049,-0.004926,1.127904,-9.968621,
imu(highres_imu),89717086,-0.022161,1.123121,-9.981032,
imu(highres_imu),89753049,-0.049976,1.118434,-10.027467,
imu(highres_imu),89789050,-0.022926,1.150233,-10.028877,
imu(highres_imu),89825049,0.001705,1.157346,-10.054493,
imu(highres_imu),89857086,-0.043868,1.137821,-10.014438,
imu(highres_imu),89893049,-0.006848,1.127416,-10.040184,
imu(highres_imu),89926649,-0.002467,1.148287,-10.014181,
imu(highres_imu),89962649,-0.024357,1.112297,-9.999464,
imu(highres_imu),89999483,-0.030899,1.144045,-10.009847,
imu(highres_imu),90035449,-0.021955,1.123213,-10.041667,
imu(highres_imu),90067449,-0.032940,1.141719,-10.015062,
imu(highres_imu),90103449,-0.006326,1.107535,-10.017962,
imu(highres_imu),90140249,-0.023876,1.146437,-9.996606,
imu(highres_imu),90177049,-0.018184,1.141663,-10.007023,
imu(highres_imu),90213049,-0.032952,1.120344,-9.997586,
imu(highres_imu),90245849,-0.031895,1.140260,-10.022162,
imu(highres_imu),90281856,-0.013445,1.154043,-10.004198,
imu(highres_imu),90317849,-0.004453,1.147882,-10.009384,
imu(highres_imu),90353849,-0.032888,1.151181,-9.992810,
imu(highres_imu),90386649,-0.031575,1.143952,-10.017576,
imu(highres_imu),90422649,-0.022453,1.125088,-10.030775,
imu(highres_imu),90458649,-0.037631,1.124139,-10.045012,
imu(highres_imu),90491449,-0.055184,1.152604,-9.988060,
imu(highres_imu),90528249,-0.016765,1.116553,-10.022695,
imu(highres_imu),90633849,-0.028645,1.130265,-10.038376,
imu(highres_imu),90669849,-0.015368,1.105200,-9.993275,
imu(highres_imu),90705865,-0.040039,1.153018,-10.017488,
imu(highres_imu),90742649,-0.014636,1.149235,-10.030808,
imu(highres_imu),90774649,-0.030081,1.126986,-10.015667,
imu(highres_imu),90810649,-0.011524,1.125110,-10.029811,
imu(highres_imu),90847482,-0.022431,1.124178,-10.016082,
imu(highres_imu),90883449,-0.044293,1.129851,-10.011255,
imu(highres_imu),90919449,0.001907,1.171012,-9.992837,
imu(highres_imu),90955466,-0.019152,1.130787,-10.021832,
imu(highres_imu),90988249,-0.032888,1.122252,-10.044534,
imu(highres_imu),91024249,-0.007745,1.115135,-10.008462,
imu(highres_imu),91056272,-0.026741,1.140293,-10.000971,
imu(highres_imu),91096251,-0.026253,1.138845,-9.994238,
imu(highres_imu),91128249,-0.012492,1.136475,-10.053557,
imu(highres_imu),91165849,-0.023874,1.140280,-9.995657,
imu(highres_imu),91201849,-0.026290,1.127460,-10.029719,
imu(highres_imu),91233849,-0.028184,1.133641,-9.990001,
imu(highres_imu),91269849,-0.012990,1.116163,-10.003796,
imu(highres_imu),91305849,-0.030963,1.123627,-10.024718,
imu(highres_imu),91341849,-0.014360,1.147356,-10.032718,
imu(highres_imu),91373849,-0.024908,1.131674,-10.012770,
imu(highres_imu),91409849,-0.034296,1.121298,-10.030387,
imu(highres_imu),91445849,-0.022453,1.139321,-10.042640,
imu(highres_imu),91481849,-0.053298,1.125117,-10.021269,
imu(highres_imu),91518649,-0.007742,1.146424,-10.021791,
imu(highres_imu),91554649,-0.037631,1.152604,-9.986166,
imu(highres_imu),91590649,-0.039908,1.109503,-10.018366,
imu(highres_imu),91626649,-0.019132,1.131256,-9.994233,
imu(highres_imu),91658649,-0.023910,1.147826,-9.998467,
imu(highres_imu),91696248,-0.051782,1.123111,-10.017722,
imu(highres_imu),91733049,-0.005882,1.145568,-10.043308,
imu(highres_imu),91765049,-0.032874,1.142684,-9.975811,
imu(highres_imu),91801049,-0.014389,1.125562,-10.004199,
imu(highres_imu),91837089,-0.036218,1.126450,-10.014330,
imu(highres_imu),91869049,0.005533,1.145014,-10.017014,
imu(highres_imu),91905057,-0.059896,1.126054,-10.070162,
imu(highres_imu),91941049,-0.036364,1.137861,-10.033568,
imu(highres_imu),92049049,-0.033404,1.147398,-9.986388,
imu(highres_imu),92085050,-0.024353,1.133151,-9.974299,
imu(highres_imu),92121049,-0.019150,1.151648,-9.983314,
imu(highres_imu),92153063,-0.020605,1.138831,-9.998467,
imu(highres_imu),92189849,-0.053713,1.144054,-9.985760,
imu(highres_imu),92225885,-0.067452,1.138314,-9.990908,
imu(highres_imu),92261849,-0.025906,1.120747,-10.034053,
imu(highres_imu),92297849,-0.020966,1.146474,-10.057897,
imu(highres_imu),92329849,-0.048560,1.160593,-10.038871,
imu(highres_imu),92365849,-0.016273,1.160690,-10.059758,
imu(highres_imu),92401883,-0.034671,1.129756,-10.014755,
imu(highres_imu),92437849,0.010274,1.110853,-10.040272,
imu(highres_imu),92473849,-0.031939,1.159721,-10.040267,
imu(highres_imu),92505849,-0.014389,1.163990,-10.015124,
imu(highres_imu),92541849,-0.007274,1.114651,-10.020335,
imu(highres_imu),92577849,-0.002012,1.156762,-10.007589,
imu(highres_imu),92613849,-0.062339,1.149390,-10.043418,
imu(highres_imu),92647449,-0.013803,1.141147,-10.063334,
imu(highres_imu),92683449,-0.042988,1.174359,-9.959145,
imu(highres_imu),92719449,0.002212,1.094251,-10.071114,
imu(highres_imu),92751476,-0.027199,1.148121,-10.041145,
imu(highres_imu),92791449,-0.017734,1.080526,-10.024981,
imu(highres_imu),92827449,-0.009552,1.145096,-9.950972,
imu(highres_imu),92859492,-0.028659,1.107318,-10.030013,
imu(highres_imu),92897049,-0.032534,1.175405,-9.971903,
imu(highres_imu),92933049,-0.020041,1.074105,-10.074098,
imu(highres_imu),92969049,-0.025342,1.170766,-9.990430,
imu(highres_imu),93001053,-0.031517,1.102422,-10.019378,
imu(highres_imu),93037049,-0.041460,1.195313,-10.007544,
imu(highres_imu),93073050,-0.015275,1.086675,-10.026982,
imu(highres_imu),93109049,-0.023400,1.170270,-9.971381,
imu(highres_imu),93145050,-0.027669,1.133115,-10.020350,
imu(highres_imu),93177050,-0.019139,1.153123,-9.991837,
imu(highres_imu),93213056,-0.015326,1.131966,-10.036840,
imu(highres_imu),93249050,-0.025296,1.095669,-10.028405,
imu(highres_imu),93285049,-0.014372,1.179505,-9.961345,
